observation_date,AKLF,ALLF,ARLF,AZLF,CALF,COLF,CTLF,DCLF,DELF,DSLF,FLLF,GALF,HILF,IALF,IDLF,ILLF,INLF,KSLF,KYLF,LALF,MALF,MDLF,MELF,MILF,MNLF,MOLF,MSLF,MTLF,NCLF,NDLF,NELF,NHLF,NJLF,NMLF,NVLF,NYLF,OHLF,OKLF,ORLF,PALF,RILF,SCLF,SDLF,TNLF,TXLF,UTLF,VALF,VTLF,WALF,WILF,WVLF,WYLF
2015-01-01,362704,2166864,1331412,3090768,18818212,2807587,1912878,379620,458015,,9547419,4739013,680210,1708406,789286,6530801,3246591,1497763,1987156,2169690,3632559,3157724,695333,4764774,3002256,3046324,1249462,517396,4680763,416126,1013018,750638,4599138,940698,1389305,9705061,5737312,1813648,1958638,6444939,566321,2233242,449519,3065281,13005030,1443189,4237002,353493,3519204,3093599,795082,302001
2015-02-01,362522,2169495,1332284,3093823,18826972,2808391,1912990,379593,458674,,9552483,4737111,680652,1707615,791359,6531408,3247085,1497519,1985437,2167248,3630125,3160431,694372,4763075,3005497,3048541,1252238,518398,4686531,415394,1012312,750753,4599819,941207,1390782,9718246,5731526,1818867,1959179,6448785,566771,2235851,449491,3067489,12996949,1446330,4234354,353453,3523168,3092455,794759,301683
2015-03-01,362346,2171897,1333305,3097355,18838028,2809713,1912140,379763,459436,,9560034,4736589,681108,1707029,793573,6536364,3248870,1497293,1983941,2164327,3627911,3163898,693273,4763675,3009713,3050531,1255338,519291,4693481,414498,1012006,750431,4600965,941739,1392287,9730674,5728534,1823690,1961126,6454403,567037,2238395,449521,3070631,12994457,1449776,4232923,353266,3528031,3091803,794694,301424
2015-04-01,362180,2173967,1334305,3101717,18848322,2811615,1910119,380227,460259,,9569380,4735953,681613,1706203,795780,6544294,3252300,1497182,1982464,2160724,3626445,3167278,692064,4766275,3014026,3051973,1257989,519870,4700619,413654,1012259,749781,4601645,942216,1393710,9740242,5727608,1827272,1964359,6461555,566925,2240573,449658,3074122,12997813,1453518,4232210,352923,3533695,3091466,794714,301225
2015-05-01,361928,2174501,1334929,3106411,18852828,2813611,1907097,380770,461075,,9578842,4735356,682114,1704780,797796,6551834,3256839,1497110,1980575,2156254,3624724,3169758,690812,4769372,3017178,3052454,1259898,520065,4706315,412965,1012908,748830,4600754,942410,1394779,9744552,5726888,1828834,1968414,6468552,566373,2241910,449843,3077173,13004689,1457187,4231145,352438,3539458,3091078,794426,301027
2015-06-01,361540,2173391,1334831,3110554,18848420,2815094,1903378,381214,461824,,9586944,4734169,682503,1702889,799382,6556268,3261547,1496942,1978069,2150797,3621649,3170663,689522,4771847,3018332,3051939,1260610,520020,4709361,412415,1013724,747698,4597878,942102,1395265,9742165,5724503,1828173,1972552,6473711,565447,2242091,449968,3078968,13012436,1460409,4228911,351857,3544400,3090401,793510,300779
2015-07-01,361138,2171593,1334168,3113926,18839426,2816411,1899802,381639,462553,,9594674,4732561,682855,1701152,800658,6558362,3266590,1496837,1975923,2144721,3617532,3170232,688316,4773803,3018015,3051015,1260747,520051,4710903,412068,1014675,746770,4594206,941385,1395389,9736639,5720710,1826170,1976675,6477709,564458,2241576,450029,3079697,13021327,1463234,4226202,351320,3549209,3090169,792080,300513
2015-08-01,360803,2170789,1333299,3116760,18832394,2818352,1897248,382112,463324,,9603740,4730889,683337,1700151,801819,6560595,3272212,1497096,1975210,2138864,3613335,3169189,687297,4775840,3017335,3050439,1260887,520343,4712347,411965,1015778,746324,4591020,940443,1395502,9732451,5717012,1823735,1980845,6481593,563629,2241066,450086,3080105,13031358,1465935,4223634,350907,3554823,3091273,790472,300273
2015-09-01,360526,2170975,1332649,3119596,18832610,2821852,1895796,382552,464181,,9615536,4731195,684081,1700298,802951,6565320,3278980,1497880,1976555,2134210,3610168,3168394,686620,4779395,3017390,3050791,1262078,520872,4714568,412104,1017033,746425,4589208,939512,1395804,9732729,5715547,1821679,1985425,6486574,562994,2241281,450221,3081151,13043523,1468803,4221591,350639,3561553,3094258,789089,300090
2015-10-01,360364,2173053,1332905,3123660,18846578,2827738,1895443,382995,465198,,9632214,4734979,685238,1702038,804326,6575528,3288343,1499217,1980054,2131724,3609632,3168925,686563,4786771,3019206,3052804,1264017,521678,4719324,412475,1018552,747110,4590617,939028,1396707,9740366,5719033,1821067,1991370,6494946,562667,2243185,450545,3084457,13062295,1472335,4221568,350573,3570132,3099569,788343,300031
2015-11-01,360361,2176431,1334180,3129489,18875380,2835878,1896095,383528,466327,,9653667,4742569,686702,1705349,806140,6592406,3300603,1500810,1984895,2131345,3612914,3171082,687257,4798667,3022960,3056290,1266257,522689,4727836,413014,1020251,748406,4595758,939278,1398385,9754221,5728965,1822170,1999157,6506860,562726,2246987,451039,3090661,13088927,1476757,4224180,350711,3580721,3106733,788293,300146
2015-12-01,360496,2180375,1335781,3136316,18910415,2845145,1897121,384123,467363,,9676271,4750782,688148,1709426,808241,6612670,3313993,1502058,1989899,2131888,3618835,3173815,688481,4813134,3027432,3059863,1267894,523658,4738519,413573,1021789,750055,4602656,940098,1400386,9768487,5743561,1823974,2007927,6519532,563002,2251491,451549,3098226,13119457,1481723,4227902,350950,3592144,3114079,788672,300374
2016-01-01,360705,2184528,1337081,3143360,18943234,2854015,1898182,384806,468108,,9696667,4757099,689357,1712835,810355,6630981,3325676,1502719,1994227,2132364,3624936,3175927,689942,4827409,3030919,3062796,1268405,524396,4748878,414024,1022997,751713,4608942,941174,1402291,9777801,5758397,1825278,2016473,6529917,563314,2255437,451982,3105368,13149367,1486793,4231483,351226,3603119,3119928,789107,300618
2016-02-01,360932,2187960,1337797,3150141,18970382,2861699,1899395,385458,468495,,9714027,4761300,690351,1714546,812327,6643168,3334079,1502778,1997526,2132466,3629994,3177021,691473,4839932,3032318,3065131,1268163,524830,4757377,414326,1023801,753232,4613440,942292,1403929,9779589,5769621,1825449,2023889,6536043,563637,2258099,452332,3111174,13176511,1491654,4234176,351520,3613000,3123491,789137,300772
2016-03-01,361055,2190007,1337808,3156053,18990181,2867811,1900911,385881,468579,,9728409,4798093,691167,1714396,814072,6646990,3338943,1502176,2000062,2131596,3634170,3177364,692953,4849814,3031641,3066965,1267598,524949,4763203,414495,1024063,754502,4615485,943263,1405134,9773761,5774990,1824396,2029635,6537416,563970,2259058,452580,3115694,13200366,1495995,4235617,351797,3621461,3124851,788478,300728
2016-04-01,361098,2191598,1337326,3161164,19006193,2872742,1902644,385998,468519,,9742453,4833155,691859,1713159,815631,6643484,3341156,1501053,2002623,2129776,3638657,3177822,694281,4857719,3030266,3068645,1266739,524919,4767111,414631,1023824,755519,4615927,944166,1406068,9764691,5775604,1822517,2033924,6535650,564333,2258691,452748,3120233,13222774,1499835,4236956,352019,3629039,3124946,787246,300469
2016-05-01,361131,2193285,1336764,3166155,19024146,2877408,1904535,386077,468464,,9759763,4867615,692653,1711784,817117,6635761,3341816,1499791,2006137,2127371,3644454,3179432,695464,4864670,3029700,3070475,1266420,524896,4770739,414808,1023339,756318,4616116,945142,1407087,9758146,5773817,1820290,2037219,6533018,564737,2257759,452898,3125918,13245429,1503476,4239689,352187,3636571,3124789,785844,300034
2016-06-01,361123,2195096,1336276,3171328,19044461,2882414,1906346,386269,468431,,9780867,4902692,693665,1710646,818611,6625995,3341421,1498626,2010684,2124381,3651003,3182594,696513,4871098,3030303,3072043,1267320,524902,4775075,415001,1022721,756851,4615959,946073,1408330,9756519,5771173,1818130,2039991,6530436,565081,2256628,453038,3132837,13267182,1507116,4243995,352315,3644173,3124936,784631,299452
2016-07-01,361046,2197442,1335816,3176533,19064645,2887674,1907844,386583,468408,,9803758,4938298,694824,1709736,820032,6615725,3339869,1497614,2015566,2120892,3657583,3187356,697414,4877110,3031789,3072807,1268776,524936,4780755,415106,1021957,757124,4615331,946815,1409759,9759182,5768861,1816449,2042757,6527033,565236,2255543,453169,3140466,13287060,1510805,4249505,352402,3651065,3125470,783746,298779
2016-08-01,360925,2200157,1335289,3181636,19082707,2892940,1909188,387048,468437,,9826036,4974373,695946,1708506,821305,6606604,3337265,1496592,2020087,2116858,3663943,3193447,698224,4882900,3033760,3072255,1270198,525004,4787885,415035,1021036,757169,4614705,947311,1411375,9764203,5768142,1815346,2045298,6521875,565256,2254749,453279,3147411,13304597,1514535,4255870,352500,3657057,3126052,783172,298091
2016-09-01,360893,2202528,1334672,3186647,19097439,2897936,1910739,387727,468589,,9845564,4994147,696866,1706420,822564,6598952,3333790,1495401,2023973,2112570,3669893,3200294,698968,4888654,3035888,3070113,1271504,525100,4796073,414793,1020007,756983,4614140,947474,1413245,9769629,5770193,1814459,2047051,6514917,565326,2254325,453352,3152701,13319196,1518277,4262873,352623,3662632,3126447,782806,297448
2016-10-01,360955,2204273,1333826,3191461,19107156,2902399,1912534,388522,468855,,9860520,5045509,697509,1703087,823829,6591007,3329267,1494001,2027187,2108513,3675108,3207056,699586,4893430,3037832,3066332,1272365,525144,4804146,414415,1018853,756584,4612396,947276,1415296,9773080,5774241,1813225,2047689,6506582,565487,2254017,453370,3155934,13330344,1521999,4269893,352761,3667584,3126280,782451,296866
2016-11-01,361063,2205335,1333086,3196332,19113583,2906799,1914777,389247,469288,,9872058,5046935,697993,1698894,825147,6581198,3324425,1492606,2030274,2105462,3679999,3213515,700125,4896498,3039925,3061737,1272916,525201,4811353,414089,1017746,756175,4609536,946974,1417614,9774939,5779152,1811787,2047929,6499466,565758,2253877,453396,3157653,13340963,1525847,4277138,352973,3672426,3125852,782104,296344
2016-12-01,361165,2205647,1332977,3201857,19121219,2911887,1917802,389937,469975,,9883785,5049842,698455,1694792,826671,6570574,3320740,1491522,2033706,2104052,3685695,3219929,700689,4897910,3042724,3057795,1273490,525469,4817768,414022,1017062,756026,4607400,946881,1420468,9778376,5784601,1810688,2048991,6496248,566195,2254263,453528,3159171,13355421,1530053,4285563,353293,3678337,3126065,781715,295904
2017-01-01,361276,2206228,1333689,3208506,19132994,2918255,1921297,390694,470908,,9898705,5054953,698896,1691889,828467,6561466,3319366,1490813,2037523,2103859,3693139,3226423,701296,4898119,3046821,3055068,1273483,526046,4823602,414262,1016947,756274,4607318,947172,1423972,9785983,5791153,1810280,2051780,6497414,566778,2255404,453764,3161588,13375477,1534672,4295344,353658,3686194,3127673,781243,295543
2017-02-01,361365,2206285,1335151,3216026,19148790,2926209,1924477,391426,471950,,9917690,5061813,699271,1690683,830471,6554923,3320361,1490558,2041438,2103948,3701716,3232846,701917,4897485,3052170,3053362,1273487,526882,4829087,414721,1017385,756804,4609280,947755,1427984,9799491,5798781,1810692,2056697,6501514,567373,2257293,454090,3165138,13399052,1539544,4305591,353982,3696053,3130817,780830,295221
2017-03-01,361397,2206076,1336992,3223652,19166879,2935526,1926439,392114,472919,,9939194,5069575,699458,1690865,832549,6550862,3322728,1490797,2044781,2103789,3709927,3238618,702440,4896456,3057640,3052451,1273512,527826,4834530,415160,1018267,757373,4612471,948296,1432257,9816438,5806189,1811936,2063292,6505628,567813,2259503,454505,3169407,13421751,1544341,4314559,354222,3707001,3134796,780633,294896
2017-04-01,361331,2206288,1338968,3230973,19187319,2945918,1926784,392905,473853,,9959824,5078384,699424,1692030,834705,6549587,3326115,1491539,2047349,2103524,3717332,3243870,702864,4896887,3062642,3052331,1273547,528766,4841237,415409,1019505,757871,4616364,948576,1436691,9834089,5813051,1814313,2070638,6507391,568085,2261845,455044,3174476,13442289,1548933,4321755,354394,3718378,3139051,780887,294589
2017-05-01,361147,2206487,1340849,3237430,19207735,2956773,1925556,393708,474779,,9975367,5087915,699050,1693382,836926,6550628,3329948,1492460,2049041,2103007,3723697,3248722,703173,4900103,3066694,3052612,1273642,529560,4849701,415392,1020874,758267,4619842,948424,1441113,9849999,5819388,1817808,2077500,6505377,568262,2264136,455672,3180235,13460096,1553118,4327413,354489,3729206,3143102,781625,294322
2017-06-01,360869,2206537,1342321,3242821,19224877,2967284,1923005,394337,475670,,9984533,5097171,698244,1694172,839209,6553254,3333471,1493099,2049761,2102287,3729001,3252987,703298,4905778,3069405,3052823,1273361,530094,4859225,415098,1022133,758505,4622054,947781,1445370,9861994,5825444,1821622,2082582,6500140,568429,2266113,456278,3186200,13475092,1556664,4331491,354500,3738541,3146203,782674,294108
2017-07-01,360488,2206860,1343174,3247695,19237228,2977132,1919727,394808,476462,,9988901,5105289,697091,1694106,841602,6556805,3336419,1493133,2049813,2101693,3733434,3256480,703234,4912843,3070848,3052646,1272497,530358,4868559,414597,1023162,758542,4622218,946764,1449501,9867628,5830854,1824900,2085221,6493788,568678,2267366,456751,3192239,13488447,1559600,4334243,354485,3746010,3147834,783873,293939
2017-08-01,359970,2207126,1343225,3252175,19241455,2985566,1915998,395026,477045,,9990032,5110944,695734,1693072,843971,6558898,3338006,1492235,2049092,2101344,3736954,3258590,702837,4918844,3070821,3051527,1271029,530354,4875697,413993,1023753,758410,4619239,945445,1453361,9865075,5832815,1827186,2085667,6487659,568918,2267455,456969,3197704,13500768,1561846,4335627,354420,3751207,3147461,784909,293730
2017-09-01,359319,2207624,1342538,3256460,19237249,2992312,1912320,395016,477373,,9990253,5113741,694382,1691448,846071,6558492,3337967,1490502,2047586,2101001,3740095,3259199,702059,4921634,3069623,3049359,1269051,530194,4879411,413394,1023897,758258,4613608,944028,1456885,9855369,5829158,1828537,2084965,6482632,569071,2266486,456923,3201719,13513740,1563453,4336048,354302,3754323,3145226,785534,293440
2017-10-01,358592,2207465,1341423,3261088,19228301,2997994,1909315,394951,477521,,9992561,5114280,693299,1689899,847840,6556880,3337543,1488379,2045582,2100649,3743965,3258782,700989,4921385,3067975,3046490,1267802,530057,4879643,412936,1023841,758293,4606841,942756,1460220,9841071,5820642,1829311,2083825,6478938,569153,2264971,456694,3204205,13529038,1564691,4336283,354172,3756362,3142143,785741,293078
2017-11-01,357832,2208532,1340197,3266467,19218639,3003144,1907135,395001,477579,,9997986,5113165,692653,1688795,849291,6554599,3338026,1486470,2043535,2100733,3749313,3257766,699785,4919605,3066127,3043622,1266613,529992,4877590,412665,1023864,758611,4599881,941750,1463526,9825046,5809489,1829780,2082386,6476072,569205,2263175,456452,3205969,13546877,1565804,4336807,354051,3758494,3139070,785656,292689
2017-12-01,357103,2210701,1339224,3273052,19214570,3008759,1906047,395250,477707,,10007150,5111412,692634,1688678,850626,6552397,3341073,1485497,2042076,2101751,3757459,3256935,698782,4918650,3064718,3041674,1266035,530058,4875928,412576,1024266,759358,4593657,941150,1467126,9810886,5799019,1830382,2080849,6474865,569398,2261625,456396,3208324,13568610,1567240,4338678,354016,3762487,3136815,785676,292378
2018-01-01,356498,2214527,1338772,3281017,19222096,3015824,1906315,395730,478139,,10020689,5110825,693275,1690271,852121,6550963,3347959,1485942,2042001,2104108,3769274,3257332,698341,4920884,3064496,3041374,1266186,530392,4877314,412653,1025277,760670,4590359,941212,1471357,9803080,5793192,1831536,2079631,6476843,569855,2261165,456643,3212889,13595908,1569406,4342632,354113,3769895,3136136,786241,292255
2018-02-01,356060,2220091,1338982,3290510,19243453,3024932,1908198,396596,478988,,10038622,5113029,694409,1693853,854034,6551798,3358941,1487776,2043979,2107711,3784535,3259763,698713,4927259,3065788,3042969,1267261,531118,4882825,412835,1027012,762613,4592098,942012,1476371,9804282,5794297,1833233,2078914,6482943,570638,2262610,457231,3220532,13629499,1572534,4348614,354366,3781049,3137140,787537,292389
2018-03-01,355769,2225982,1339618,3300813,19272324,3035284,1911441,397571,480050,,10058444,5117242,695627,1698663,856277,6554433,3372302,1490246,2047306,2111364,3800886,3263750,699692,4935364,3067888,3045227,1269105,532148,4891265,412956,1029174,764962,4598161,943279,1481806,9813082,5800942,1834709,2078289,6491802,571611,2265979,457969,3230150,13665155,1576272,4354678,354697,3794275,3138675,789331,292701
2018-04-01,355468,2231472,1339999,3310523,19296900,3044888,1915210,398044,480845,,10076751,5120103,696418,1703146,858466,6556223,3384540,1492261,2050301,2113091,3815127,3267484,700751,4940831,3069300,3046286,1270137,533182,4899267,412781,1031157,767150,4605163,944469,1486875,9823863,5808831,1834720,2077094,6500303,572453,2270297,458546,3239107,13694410,1579760,4357520,354958,3806442,3138784,790986,292992
2018-05-01,355095,2234988,1339773,3319150,19310247,3052254,1918502,397790,481117,,10091633,5119347,696457,1706274,860364,6556049,3392942,1493178,2051706,2111988,3825483,3269533,701466,4942041,3069405,3045398,1270079,533977,4904424,412241,1032631,768610,4610201,945219,1491150,9830800,5814368,1832883,2075233,6506622,572881,2274737,458806,3245698,13712961,1582426,4355424,355045,3815647,3136204,792107,293103
2018-06-01,354670,2237074,1339258,3327171,19313643,3057124,1921010,396959,480929,,10102374,5115324,695776,1707955,861966,6554579,3396811,1492967,2051396,2108638,3831789,3269981,701698,4940348,3068591,3042998,1268826,534497,4906758,411498,1033622,769231,4612096,945552,1494756,9832509,5816161,1829926,2073562,6510858,572875,2279239,458793,3250483,13722218,1584302,4350195,354936,3822176,3131226,792628,293022
2018-07-01,354202,2238463,1338897,3335123,19311140,3059993,1922888,395872,480484,,10109684,5109510,694556,1708522,863362,6552241,3396231,1491979,2049557,2103945,3834581,3269608,701436,4937813,3067455,3039930,1266735,534832,4906826,410769,1034310,769227,4611059,945649,1497993,9830902,5815042,1826644,2072518,6513633,572513,2283852,458603,3253879,13725433,1585625,4344543,354645,3827191,3124973,792602,292817
2018-08-01,353725,2239251,1339306,3344235,19311464,3062145,1924548,394964,480135,,10116757,5104655,693097,1708907,864894,6551206,3393393,1491132,2047172,2099491,3835875,3270271,700956,4937504,3067472,3037789,1265370,535249,4907147,410319,1035154,769076,4609237,945960,1501510,9830123,5815036,1823936,2073066,6517145,572055,2288851,458463,3257296,13729166,1586998,4341692,354312,3832666,3119399,792385,292638
2018-09-01,353257,2241462,1340798,3354886,19319744,3064766,1926116,394485,480129,,10125597,5102401,691614,1709789,866799,6553072,3390914,1491039,2045292,2096648,3837319,3273262,700467,4940876,3069433,3037702,1264589,535879,4910350,410309,1036376,769164,4608780,946826,1505705,9831476,5818652,1822416,2075673,6522999,571705,2294065,458560,3262243,13738074,1588869,4343694,354055,3840303,3115610,792251,292565
2018-10-01,352881,2244777,1343176,3366323,19336652,3068350,1927456,394609,480587,,10136280,5102990,690314,1711575,869088,6557352,3390302,1491851,2044613,2095746,3839492,3278864,700019,4947469,3073134,3040113,1265038,536633,4917554,410743,1037949,769675,4611131,948242,1510543,9835265,5825205,1822390,2079856,6531837,571513,2299403,458985,3269246,13753322,1591373,4350720,353910,3850601,3113834,792213,292591
2018-11-01,352588,2249040,1345916,3377407,19357820,3072875,1928469,395344,481462,,10147309,5105686,689271,1714454,871655,6563693,3392244,1493263,2045199,2096226,3842042,3286490,699497,4955714,3077755,3044344,1266560,537385,4927943,411530,1039691,770555,4616532,949952,1515722,9840824,5832678,1823766,2084734,6542689,571387,2305056,459657,3278109,13772019,1594411,4361260,353874,3863242,3113859,792142,292643
2018-12-01,352265,2253497,1348399,3387194,19375766,3077736,1928999,396511,482538,,10157440,5109390,688415,1718151,874256,6570620,3395076,1494764,2046850,2097319,3844303,3294819,698756,4963336,3082118,3049062,1268747,538060,4939598,412487,1041358,771676,4623928,951638,1520816,9846342,5838615,1826068,2089040,6553509,571182,2311152,460408,3288549,13789571,1597702,4373152,353861,3877111,3114741,791779,292639
2019-01-01,351831,2257760,1350043,3395349,19383306,3082124,1928873,397788,483451,,10166080,5112734,687620,1721811,876601,6574836,3396279,1495883,2048937,2098194,3845803,3302346,697766,4968381,3085359,3052904,1270606,538521,4950162,413331,1042759,772781,4631274,952922,1525441,9848899,5841057,1828407,2091488,6561798,570825,2317068,461110,3299516,13802976,1600912,4383817,353775,3890859,3115259,790996,292548
2019-02-01,351405,2260638,1350615,3402154,19379073,3085607,1928104,398888,484023,,10174306,5114987,686884,1725006,878651,6574311,3394503,1496519,2051027,2097947,3846567,3308473,696598,4970537,3087605,3055121,1272072,538740,4957944,413843,1043847,773620,4637559,953716,1529479,9846753,5841071,1830271,2091761,6565351,570400,2322111,461712,3309492,13813223,1603965,4391486,353532,3903516,3115193,789966,292427
2019-03-01,351131,2261633,1350217,3408470,19368541,3088437,1927212,399741,484360,,10184993,5117188,686293,1727991,880598,6569737,3390255,1496929,2053518,2096558,3847301,3313711,695522,4971497,3089759,3055937,1273768,538940,4963119,413983,1044756,774158,4643984,954323,1533106,9841664,5842012,1831661,2090798,6564870,570143,2326037,462249,3317717,13824443,1606966,4395452,353135,3915084,3115048,789152,292384
2019-04-01,351157,2262068,1349361,3415247,19360324,3091583,1927024,400515,484637,,10200958,5121305,685978,1731138,882732,6563224,3385579,1497527,2056741,2094892,3848455,3319056,694985,4973183,3092908,3056388,1275728,539439,4967418,413869,1045713,774648,4652828,954999,1536704,9837363,5846328,1832954,2089732,6562992,570303,2328810,462807,3324408,13841956,1610178,4396580,352691,3925819,3115332,789004,292522
2019-05-01,351420,2262486,1348588,3422662,19359399,3095112,1928009,401106,484901,,10222100,5127960,686054,1734310,885141,6555831,3382165,1498472,2060345,2093624,3849467,3324957,695172,4975072,3097285,3057416,1278107,540367,4972307,413606,1046784,775362,4665140,955806,1540468,9837115,5853828,1834399,2089040,6561865,570955,2330127,463378,3329352,13867607,1613584,4396207,352296,3935594,3116035,789596,292844
2019-06-01,351737,2262857,1348406,3430816,19368378,3098899,1930248,401452,485170,,10246469,5136510,686584,1737297,887824,6548423,3381252,1499973,2064011,2093370,3850035,3331424,696022,4976430,3102516,3060113,1280796,541687,4978585,413356,1048127,776373,4680591,956659,1544513,9842215,5863521,1836110,2089091,6563128,572075,2330032,463987,3332238,13900435,1617122,4396264,352063,3944443,3116984,790761,293296
2019-07-01,351966,2264164,1349142,3439397,19386987,3102890,1933187,401528,485452,,10271048,5145890,687490,1739887,890660,6541678,3383676,1502040,2067508,2094490,3850030,3338080,697314,4977230,3107798,3065029,1282858,543182,4986366,413259,1049736,777618,4697847,957408,1548834,9851433,5873940,1838190,2089970,6567450,573522,2329158,464652,3333856,13936883,1620725,4398330,352070,3952679,3117826,792173,293776
2019-08-01,352010,2265671,1350723,3447872,19413427,3107255,1936278,401516,485641,,10293168,5155112,688673,1741821,893421,6535211,3388710,1504286,2070510,2096783,3849190,3344244,698688,4977625,3112298,3071694,1284181,544623,4994655,413327,1051380,778944,4715055,958036,1553269,9863438,5883443,1840520,2090951,6574318,575011,2328409,465308,3335490,13971964,1624340,4403343,352307,3960828,3118276,793464,294213
2019-09-01,351834,2267415,1352758,3456418,19447796,3112667,1939235,401820,485722,,10313778,5164623,690145,1743177,896041,6528621,3395148,1506570,2072853,2099678,3848299,3349967,699915,4978659,3116207,3079035,1284212,546025,5002649,413540,1053008,780237,4731072,958766,1557832,9879755,5892364,1842891,2091578,6582556,576289,2329050,465921,3338521,14004715,1628202,4411433,352715,3969950,3118566,794502,294622
2019-10-01,351487,2268441,1354577,3465329,19487390,3118989,1941593,402517,485617,,10332869,5174328,691555,1743449,898402,6522043,3400846,1508618,2074341,2101729,3847571,3355417,700800,4979874,3120234,3085251,1283451,547383,5009614,413695,1054364,781198,4745300,959739,1562321,9899509,5901853,1844494,2091954,6589900,577212,2331167,466380,3342882,14034173,1632135,4420554,353091,3980986,3118317,795310,295036
2019-11-01,351197,2267842,1355495,3474207,19530764,3125737,1942988,403449,485206,,10349460,5183356,692636,1741908,900327,6515473,3403209,1510154,2074502,2100897,3846073,3360556,701194,4979379,3124823,3088996,1282570,548519,5015044,413459,1055146,781476,4757345,960847,1566205,9918398,5912001,1844480,2091919,6592893,577724,2333912,466622,3346774,14060143,1635740,4427891,353175,3991180,3116817,795798,295458
2019-12-01,351034,2265305,1354907,3480692,19571469,3130834,1942216,404214,484362,,10356024,5189349,693073,1737538,901475,6507243,3400865,1510339,2072180,2095489,3840356,3364422,700702,4973652,3128223,3088884,1280931,548951,5016582,412683,1054761,780430,4764786,961446,1568450,9928423,5919223,1842274,2090881,6586413,577514,2335205,466473,3346761,14075288,1637983,4428627,352800,3994995,3112959,795786,295727
2020-01-01,350862,2260440,1352956,3482745,19603988,3132612,1938821,404360,483120,,10344346,5190786,692729,1730179,901823,6498977,3393852,1508537,2066984,2086283,3827335,3366208,699130,4960108,3128290,3085527,1278699,548463,5013776,411689,1052941,777848,4765234,960993,1568532,9923358,5919390,1838271,2088910,6570864,576322,2333553,465790,3340825,14072438,1638196,4423464,352082,3989932,3106453,795017,295684
2020-02-01,350477,2254260,1350347,3480462,19628098,3130761,1933315,403489,481636,,10310613,5187971,691778,1720272,901500,6492991,3382274,1504763,2059014,2076123,3806656,3365190,696631,4937894,3123869,3081373,1275701,547170,5008917,410940,1049923,774097,4757142,959313,1566746,9901482,5909682,1833477,2086293,6552353,574053,2328820,464574,3330049,14049555,1636410,4418731,351283,3977324,3097630,793206,295291
2020-03-01,349856,2246584,1365968,3476237,19310026,3127030,1927122,402863,487300,,10142457,5183442,690734,1709030,899358,6434112,3301532,1500078,2049594,2114424,3781020,3362349,693833,4909618,3115711,3079549,1273409,545355,4785018,410959,1055316,769939,4742018,948526,1545207,9867923,5820292,1829534,2083882,6536470,569682,2322570,463143,3317696,13893417,1633767,4422545,350738,3941485,3088431,790450,294693
2020-04-01,335456,2184411,1346793,3393061,18698851,2997836,1830788,391628,470723,,9372023,4947003,649436,1687201,885500,6257113,3212876,1488328,2038557,1976206,3509078,3199999,654661,4561790,2995933,2926978,1207674,537056,4625138,410498,1044553,742138,4478993,899628,1469449,9119448,5534863,1803349,2035720,6344987,545276,2322650,463618,3191792,13300732,1622532,4303723,352456,3974959,3079693,760840,287289
2020-05-01,343670,2261887,1341710,3446480,18560581,3095300,1905059,379861,495353,,10084003,5053091,666396,1653803,897591,6289916,3286059,1497235,2053548,2014205,3670550,3204499,672011,4882818,3067745,2870284,1221316,542022,4763505,408037,1045313,756642,4571265,910703,1390094,9419207,5655129,1826774,2097682,6461185,571212,2335076,464185,3257118,13854813,1636328,4283943,339027,3921543,3099770,773503,298665
2020-06-01,345102,2263977,1336181,3446465,19030336,3114887,1896424,378357,500448,,9984792,4986734,665341,1631941,896772,6250781,3288130,1490499,1924408,2019373,3777546,3187489,657511,5013907,3143556,2966906,1222816,540468,4764830,407323,1040691,754070,4628508,912682,1498919,9505600,5654610,1826978,2098606,6462979,571019,2327707,462236,3249984,13855506,1635237,4276850,334214,3875271,3089775,769941,294397
2020-07-01,348894,2274751,1338897,3468223,19067483,2997019,1905098,379497,480623,,10171091,4973882,675151,1631388,901562,6279917,3317415,1497882,1965877,2041235,3769749,3198040,663393,4955114,3174740,3074336,1233243,542691,4807647,409306,1041693,758132,4732543,920262,1511703,9545521,5693398,1839352,2115076,6507677,575844,2340450,463621,3272977,13960798,1644579,4307354,333176,3874343,3102968,772857,293997
2020-08-01,342738,2273305,1334391,3472410,18910905,3022293,1863999,379636,486581,,9988796,4945404,672517,1629051,901894,6251667,3320672,1499726,1976712,2041973,3745616,3188236,655665,4884241,3164264,3059210,1239063,542412,4810221,409618,1040395,756543,4754575,922907,1500711,9483036,5691651,1841586,2116350,6504603,573333,2344618,463942,3279583,13961664,1647748,4310745,331438,3851942,3098059,771449,293244
2020-09-01,343274,2280339,1335833,3492702,18658461,3058030,1852469,380929,493585,,10047622,4944916,622851,1637273,906914,6282727,3345331,1506805,1990824,2055533,3767786,3198191,661558,4874366,3156538,3055128,1249420,544533,4840818,410286,1041358,760133,4520716,930263,1512177,9517449,5723287,1851630,2130328,6524674,578508,2357123,465564,3310277,14059000,1657580,4323725,331583,3862675,3111737,773605,293397
2020-10-01,343583,2273333,1331810,3497131,18609671,3074101,1833002,379889,484594,,10035807,5196008,643350,1641742,908485,6269218,3347475,1507319,1996073,2051790,3751342,3186354,665217,4827190,3131796,3043738,1254061,544035,4841029,409345,1040181,758439,4552900,931255,1506544,9485291,5722806,1853406,2130210,6512518,565011,2359161,465928,3317329,14074423,1660656,4311352,330863,3852136,3110418,772320,292832
2020-11-01,344857,2266541,1330332,3503661,18645846,3090232,1824599,378702,487625,,10059672,5186243,654968,1648907,911332,6277798,3352631,1507506,1999542,2053144,3747109,3183549,670431,4805259,3108516,3037942,1256992,543842,4852892,408591,1039673,757804,4591781,933270,1507611,9505123,5729613,1856097,2133469,6506621,568673,2361097,466415,3324647,14116639,1664110,4303410,330924,3851200,3114064,772124,292321
2020-12-01,346296,2257916,1329230,3508888,18707388,3103640,1819771,377139,489830,,10092467,5177787,665803,1654872,914166,6287051,3352059,1506105,2001059,2053751,3741382,3182892,676110,4718476,3086270,3034882,1258110,543566,4865981,407910,1039419,756815,4616267,934977,1508616,9513387,5731408,1856855,2137370,6492960,570803,2360982,466744,3324856,14146644,1666498,4298543,331368,3853271,3115844,772058,291741
2021-01-01,346800,2254758,1328918,3497439,18763665,3104044,1813308,377955,493127,,10105097,5189120,673312,1655861,912959,6312351,3352456,1504372,2003999,2057542,3732439,3183214,682002,4772367,3071240,3035817,1261573,542440,4873184,407494,1041758,755556,4652771,931915,1503398,9564884,5737522,1862363,2135608,6491480,572702,2361738,466000,3332130,14197617,1669577,4299365,331327,3860829,3106354,773631,289924
2021-02-01,347748,2250796,1328912,3502838,18803302,3113725,1810438,376629,494603,,10128243,5183984,678431,1660122,915043,6319025,3348384,1502973,2006284,2057436,3728472,3175990,685895,4757958,3055700,3035720,1261262,542687,4873283,407360,1042254,754645,4661369,932772,1502587,9567436,5734668,1862689,2137529,6475772,573659,2361276,466536,3325920,14215983,1671868,4298762,332053,3863282,3106137,772789,289472
2021-03-01,348755,2249183,1329997,3507832,18871089,3121205,1808904,376956,496123,,10168684,5184856,679258,1665807,916954,6331308,3347419,1503063,2010171,2059407,3730088,3175455,688862,4752272,3047382,3037230,1262028,543399,4877348,407557,1043184,754290,4668964,933552,1501449,9572842,5737031,1864425,2141052,6464392,574588,2363497,467282,3322826,14243338,1674841,4303699,333038,3869081,3107600,772808,289167
2021-04-01,349654,2250078,1330963,3513511,18953854,3132850,1809856,378365,497291,,10214011,5188316,679398,1672106,919157,6348410,3348883,1504490,2014190,2062219,3739270,3176342,691417,4755581,3045401,3038838,1262478,544550,4881480,407844,1044318,754456,4680821,936838,1502277,9589109,5743370,1866672,2144236,6458242,576149,2367230,468139,3324691,14278926,1678934,4309375,334034,3877141,3110624,773290,288944
2021-05-01,349824,2249304,1331155,3516676,18991064,3138610,1807480,380360,497769,,10257231,5192208,677084,1677258,920988,6361175,3348536,1505598,2017224,2063262,3742276,3176782,691780,4760327,3044678,3038881,1262799,545336,4884699,407962,1045142,753961,4679443,938282,1501490,9583194,5746962,1868128,2143176,6451234,576302,2370980,468820,3328130,14311166,1682606,4314973,334778,3884280,3112287,773854,288550
2021-06-01,350742,2248031,1331297,3518507,19080789,3149104,1829853,383219,497850,,10311274,5195572,676611,1681621,922941,6374986,3346692,1506197,2019820,2065027,3751275,3182015,692938,4768845,3044021,3039152,1262657,545926,4917138,408053,1045858,753510,4698261,941863,1501611,9617457,5748415,1868537,2143109,6447826,577745,2374071,469389,3332995,14361525,1686163,4318583,335242,3893915,3112515,774399,288045
2021-07-01,350765,2246908,1330286,3517406,19078070,3151572,1846097,384754,497009,,10339188,5194512,673093,1683176,924589,6377404,3341023,1505001,2022338,2061289,3750600,3176297,691944,4773185,3041503,3037337,1261401,546283,4944212,408013,1046240,752296,4689232,942607,1499502,9603748,5744146,1866863,2138081,6438156,577421,2374864,469658,3335277,14384130,1688937,4318194,335369,3898468,3108625,774242,287357
2021-08-01,351481,2246919,1330255,3515955,19103848,3153883,1863955,386391,496379,,10375230,5194295,670383,1683118,926352,6382608,3335263,1503074,2025839,2058289,3751424,3175701,691536,4779014,3041242,3036177,1260453,546878,4975077,408207,1046772,751317,4688530,943521,1497530,9606711,5739198,1864938,2135742,6427572,577122,2375315,469894,3336208,14416529,1691883,4319842,335614,3902582,3103236,774100,286706
2021-09-01,352036,2249149,1331489,3515857,19092098,3151448,1879673,386448,495781,,10396510,5195023,667070,1681460,928315,6388352,3331176,1500841,2030304,2054982,3750601,3167709,690517,4785077,3043247,3034709,1260182,547950,5004911,408573,1047468,750609,4671240,942304,1495613,9586797,5733522,1863824,2134991,6417348,576047,2376058,470121,3337685,14440570,1695359,4322146,335932,3904576,3097429,774126,286184
2021-10-01,353242,2253319,1335219,3519583,19126570,3158247,1898483,386878,496171,,10434373,5202386,664677,1681679,930956,6406269,3332716,1499679,2035880,2055724,3754363,3168988,690328,4794381,3048544,3037212,1261514,549837,5040867,409405,1048684,750771,4668565,944038,1496069,9597109,5731713,1865311,2139295,6412753,575330,2378927,470534,3342417,14485343,1700256,4330225,336617,3909222,3094180,774897,285981
2021-11-01,354138,2259077,1340071,3526604,19146512,3166649,1915922,386810,497135,,10473602,5213462,665873,1682858,934031,6427458,3339486,1499529,2041314,2057673,3757773,3169786,689493,4805185,3054164,3039775,1263269,552267,5078281,410325,1050178,751664,4664712,945892,1497617,9608605,5732071,1869284,2145309,6414162,574426,2383725,471048,3349927,14526003,1706237,4341173,337371,3914388,3093411,776175,285992
2021-12-01,355212,2264526,1345730,3536177,19209716,3175552,1935259,386209,498328,,10509204,5226600,667540,1685832,937327,6452871,3350466,1500813,2045975,2061890,3763439,3168569,689338,4818651,3059365,3042855,1265422,554917,5115944,411287,1051875,753305,4674910,947946,1500482,9643606,5736256,1875201,2153759,6423500,574102,2390340,471688,3361315,14577227,1712963,4355333,338215,3922918,3094716,777822,286176
2022-01-01,355795,2269549,1351383,3547509,19254374,3183120,1953858,389138,499825,,10558488,5240515,669400,1689683,940771,6474832,3362806,1503162,2049306,2068669,3772725,3176774,688985,4834211,3064825,3044464,1267029,557375,5156083,412080,1053514,755481,4697367,949647,1511821,9660517,5743840,1881995,2160609,6439522,574680,2398479,472375,3374695,14629668,1720180,4371563,339019,3933727,3096977,779860,287331
2022-02-01,355536,2273555,1356010,3558566,19255349,3184161,1949883,390752,500546,,10589342,5252498,671206,1693512,943930,6487111,3373518,1505801,2050851,2073273,3777769,3177003,687931,4847668,3067292,3044868,1267850,559198,5165612,412602,1054848,757651,4709911,948925,1522946,9661992,5751648,1887969,2163086,6457369,575080,2405966,473032,3386646,14662350,1727023,4386806,339856,3944953,3097957,781583,288412
2022-03-01,355094,2276562,1359248,3568534,19249837,3182622,1945258,392327,500895,,10619534,5261206,672937,1696260,946565,6492868,3382079,1508115,2051037,2075753,3780330,3176515,686739,4857310,3067197,3044563,1267672,560358,5173810,412844,1055798,759511,4723290,947237,1533485,9665260,5758056,1892576,2163284,6472892,575588,2411599,473610,3394047,14690159,1732912,4398701,340628,3955453,3096865,782655,289367
2022-04-01,354780,2278366,1361554,3577180,19265425,3183152,1941211,393953,500857,,10648887,5267209,674714,1698142,948704,6495594,3388590,1509698,2050755,2077081,3784185,3177623,686097,4862590,3066466,3044673,1266921,561134,5181154,412896,1056395,761013,4742255,946692,1543627,9676884,5763749,1895881,2163269,6484052,576475,2415245,474045,3396491,14723318,1737834,4408389,341413,3965087,3094099,782923,290260
2022-05-01,354346,2279789,1362848,3584524,19259838,3182793,1935533,395507,500638,,10678789,5269761,676027,1699221,950401,6493141,3393023,1510505,2050381,2076524,3786850,3178650,685157,4863799,3066609,3044533,1265421,561786,5188118,412767,1056723,762105,4756383,946212,1552977,9678221,5768071,1898185,2163194,6490041,577200,2417832,474303,3395065,14752430,1741971,4415209,341967,3970848,3090583,782471,291101
2022-06-01,353825,2279928,1363699,3590702,19261014,3179813,1928164,396633,500323,,10705386,5271088,677302,1700296,951660,6488543,3395306,1510650,2049623,2074632,3787614,3179879,683924,4862146,3067508,3046111,1263739,562300,5193323,412643,1056791,762686,4772837,945059,1561848,9680247,5770525,1899903,2163012,6490585,577589,2419967,474367,3390967,14773129,1745362,4421587,342381,3975735,3087369,781618,291912
2022-07-01,353048,2279498,1364354,3595914,19243485,3175308,1919657,397094,499999,,10725323,5272542,678117,1701417,952513,6482060,3395851,1510588,2047993,2071904,3785446,3178815,682430,4859926,3068775,3048602,1261411,562596,5195572,412558,1056737,762758,4784248,943238,1570192,9671387,5770117,1901613,2161284,6487010,577466,2422008,474329,3384846,14784870,1748173,4428655,342653,3978870,3085046,780766,292661
2022-08-01,352219,2278864,1365064,3600726,19212192,3170450,1911203,397403,499845,,10744025,5275067,678396,1702684,953146,6473833,3395451,1510904,2045924,2069911,3785403,3180955,681064,4860405,3070499,3051755,1258634,562823,5197059,412602,1056708,762598,4795054,941296,1578483,9657851,5768252,1904026,2158296,6482933,577247,2424658,474304,3378037,14792376,1750958,4437070,342878,3980907,3083891,780259,293414
2022-09-01,352530,2278036,1365823,3605383,19239929,3175723,1908099,396063,500450,,10766037,5278768,678274,1703747,953748,6469689,3394652,1511849,2044305,2068004,3780661,3174906,681898,4865600,3070999,3054983,1255865,563159,5198557,412849,1056732,762404,4805077,943439,1579569,9675983,5767435,1907470,2157724,6480554,576489,2428322,474327,3371984,14831360,1754195,4448652,343185,3982938,3083592,780150,293311
2022-10-01,352994,2277946,1366959,3610729,19278884,3181682,1905711,395328,501317,,10791634,5285774,678312,1704677,954584,6467260,3394837,1513660,2043656,2068454,3780536,3176986,683039,4876551,3073520,3060004,1253447,563748,5203145,413403,1056915,762200,4816597,945982,1581391,9694389,5770192,1912204,2156905,6482425,575945,2433733,474492,3368261,14877017,1758322,4464553,343705,3987242,3084188,780533,293329
2022-11-01,353657,2279384,1368563,3617184,19323800,3188436,1904095,395240,502434,,10817250,5295922,678606,1705203,955766,6467579,3397005,1516152,2044024,2070180,3780361,3177919,684330,4891602,3077940,3065403,1251783,564662,5210387,414157,1057306,761891,4828801,948765,1583956,9714705,5776705,1918202,2156122,6488327,575460,2440968,474868,3367265,14930752,1763337,4482886,344442,3993207,3085980,781380,293472
2022-12-01,354418,2283238,1370647,3624945,19362803,3195790,1903200,395821,503741,,10845712,5307581,679066,1705640,957444,6470630,3401649,1519062,2045545,2073291,3782639,3177531,685606,4909093,3083726,3070775,1250757,565923,5220048,415041,1058070,761556,4840718,951699,1587199,9735970,5785975,1925287,2155796,6496665,575332,2449466,475509,3368561,14989957,1769061,4500493,345245,3999464,3089701,782525,293699
2023-01-01,355142,2288368,1373114,3633940,19397463,3203552,1902677,397040,505119,,10878670,5320486,679675,1706315,959609,6476104,3408240,1521870,2047921,2077267,3787119,3180518,686848,4927651,3090481,3077422,1250499,567491,5231614,415972,1059211,761306,4852074,954840,1590787,9758797,5797301,1932920,2156816,6506096,575611,2458323,476310,3372206,15048359,1774958,4516542,346044,4005736,3095519,783744,293931
2023-02-01,355844,2294352,1375674,3644062,19424892,3211446,1902730,398643,506482,,10914538,5332484,680335,1707144,962161,6482109,3415237,1524254,2050716,2080608,3794157,3184023,688214,4946516,3097824,3084573,1250513,569152,5243949,416788,1060708,761287,4862743,958198,1594435,9782303,5808648,1940548,2159193,6516192,576307,2467184,477195,3378480,15101782,1780681,4529685,346805,4011538,3103045,784918,294115
2023-03-01,356486,2300332,1378179,3654621,19448862,3218615,1903379,400244,507776,,10949760,5343535,680926,1708122,964799,6487941,3420633,1525910,2053097,2081696,3798536,3187088,689724,4964872,3104312,3091842,1250656,570488,5254629,417340,1062265,761319,4871773,961385,1597845,9805337,5818417,1947532,2161570,6525440,577073,2475335,478070,3385973,15147599,1785924,4538781,347478,4016941,3111094,785975,294197
2023-04-01,357042,2305796,1380619,3664855,19474196,3224491,1904498,401630,508959,,10980669,5354129,681347,1709028,967231,6494207,3423803,1526818,2054577,2080629,3800038,3189021,691300,4982002,3109077,3098680,1250752,571271,5262555,417609,1063624,761262,4878412,964021,1600859,9825999,5826255,1953808,2163329,6533104,577829,2482090,478857,3392731,15185791,1790471,4543829,348085,4021858,3118367,786987,294143
2023-05-01,357518,2310109,1382999,3674189,19497204,3228455,1905950,402870,509958,,11009242,5364469,681405,1709645,969348,6501994,3424666,1527100,2055157,2078863,3806888,3195699,692821,4997528,3111989,3104914,1250869,571532,5268180,417707,1064667,761154,4882307,965856,1603677,9842980,5832453,1959533,2164413,6539628,578723,2487384,479482,3397770,15217003,1794284,4545851,348664,4025537,3124173,787999,293965
2023-06-01,357944,2313985,1385367,3682825,19518556,3231074,1907979,404211,510760,,11031953,5373837,681185,1710012,971413,6512541,3424446,1527209,2055532,2077071,3811789,3197822,694347,5011754,3113646,3110173,1250936,571651,5272755,417784,1065528,761245,4884148,967165,1606704,9857028,5838462,1965162,2165743,6547562,579651,2492237,479987,3402132,15244901,1797821,4546634,349233,4028298,3128825,788969,293777
2023-07-01,358370,2318367,1387843,3690984,19531760,3233389,1910338,405769,511389,,11052215,5382888,680780,1710313,973731,6526175,3424585,1527410,2056351,2076816,3819263,3199369,695822,5024238,3114079,3113983,1250643,572044,5277884,417976,1066296,761624,4885306,968281,1610161,9869841,5845230,1971059,2168477,6559103,580924,2497733,480399,3407538,15272807,1801357,4548081,349841,4030506,3132664,789859,293633
2023-08-01,358693,2322522,1390261,3698145,19546854,3235781,1912325,407401,511744,,11070672,5390989,680419,1710096,976205,6541323,3425609,1527689,2057641,2078287,3831242,3203608,697017,5033232,3113138,3116709,1250444,572723,5283163,418362,1066957,762105,4885787,969266,1613655,9880115,5852110,1976843,2171937,6572672,582589,2503765,480739,3413680,15300049,1804589,4550512,350471,4033087,3135455,790617,293469
2023-09-01,358801,2326517,1392378,3704072,19559854,3238299,1913825,408841,511775,,11082946,5396838,680099,1708902,978566,6555746,3427459,1528207,2059466,2080671,3841846,3203674,697875,5037890,3111267,3118511,1250647,573494,5287148,418903,1067613,762630,4885370,970135,1616788,9887061,5858373,1982064,2174840,6585926,584402,2509828,481100,3418738,15325854,1807318,4552761,351060,4035345,3137090,791264,293250
2023-10-01,358696,2330433,1394182,3708620,19580260,3240811,1915121,410056,511498,,11092447,5401581,679974,1707066,980698,6567691,3429273,1528968,2061972,2083356,3853557,3209295,698531,5039052,3109395,3121364,1251224,574197,5289471,419506,1068230,763288,4884539,971112,1619393,9890984,5863830,1986314,2176915,6597206,586323,2515387,481440,3422157,15349726,1809465,4554674,351598,4037664,3137728,791822,292972
2023-11-01,358499,2334635,1395682,3711906,19584613,3243517,1916544,411144,511012,,11097059,5403856,679586,1704615,982660,6576555,3430815,1529998,2065281,2085381,3863278,3213185,699180,5038680,3108823,3122912,1251781,574714,5290433,420033,1068802,764216,4884646,972235,1621615,9892851,5868441,1989402,2178691,6605331,588163,2520352,481700,3424700,15373520,1811183,4555397,352067,4037602,3137886,792205,292675
2023-12-01,358351,2337920,1397187,3714194,19611825,3246547,1918201,412037,510456,,11099868,5406490,679576,1702483,984466,6584716,3432596,1531298,2069064,2086414,3873465,3221161,699941,5038027,3110004,3125217,1252984,575021,5290971,420506,1069301,765266,4885869,973648,1623639,9894409,5873379,1991359,2180538,6609695,589859,2524883,481868,3426837,15399395,1812714,4555358,352572,4038763,3137952,792399,292425
2024-01-01,358314,2341587,1398700,3715794,19611227,3249473,1920171,412592,509953,,11100291,5408092,679214,1701001,986066,6592588,3435203,1532921,2072833,2085788,3881436,3225487,700831,5037855,3112774,3126116,1254189,575231,5291403,420903,1069771,766238,4887577,975151,1625601,9894797,5878180,1992262,2182307,6609810,591198,2529376,482012,3428697,15429166,1814243,4553867,352940,4037506,3138074,792451,292250
2024-02-01,358460,2344465,1400714,3718051,19611939,3252551,1922476,412926,509680,,11102273,5411667,679107,1700854,987762,6603199,3439531,1535158,2076734,2084625,3891422,3230773,701899,5040060,3117171,3128566,1256504,575616,5292579,421392,1070453,767139,4890460,976709,1628061,9897589,5886425,1992783,2184176,6606786,592319,2534679,482266,3431341,15464756,1816218,4552678,353209,4037206,3138813,792475,292186
2024-03-01,358813,2347252,1403289,3721752,19617893,3256027,1925045,413166,509669,,11106525,5416847,679390,1702088,989837,6616478,3445818,1538092,2081075,2084166,3900976,3234164,703155,5045007,3122769,3132019,1259672,576350,5294790,422067,1071551,768071,4895118,978138,1631187,9904307,5897533,1993556,2186324,6602101,593238,2541500,482692,3436116,15504849,1818781,4552210,353394,4038195,3140139,792466,292234
2024-04-01,359345,2350202,1406254,3726761,19638180,3259976,1927691,413275,509862,,11113287,5423031,680196,1704384,992304,6630564,3453887,1541458,2085857,2084820,3910936,3236735,704564,5051791,3128586,3136404,1263512,577398,5297456,422930,1073087,769086,4900580,979452,1634683,9914778,5909763,1994846,2188533,6596095,593992,2549807,483308,3443236,15547567,1821796,4552271,353587,4040906,3141624,792300,292361
2024-05-01,359970,2353106,1409402,3732625,19673274,3264467,1930318,413259,510213,,11122051,5429535,681401,1707124,994993,6643662,3463227,1544960,2090981,2086574,3920289,3240926,706070,5059075,3133745,3141943,1268165,578566,5300022,423915,1074985,770110,4905629,980744,1638289,9927285,5922108,1996551,2190845,6589474,594534,2558925,484090,3451411,15590962,1825022,4552841,353797,4044596,3143322,791963,292521
2024-06-01,360554,2356478,1412275,3738461,19703210,3268553,1932464,413193,510608,,11127717,5433380,682514,1709383,997430,6652901,3472328,1548236,2096009,2088698,3926808,3243030,707413,5065022,3137807,3146518,1272868,579439,5301411,424862,1077036,770962,4908702,981879,1641526,9937299,5932666,1998141,2192807,6581371,594706,2567402,484900,3458781,15630973,1827812,4553133,353904,4046264,3144858,791357,292613
2024-07-01,360954,2360530,1414569,3743709,19725484,3271217,1934186,413164,510948,,11128004,5434127,683378,1710631,999252,6657256,3479960,1551110,2100537,2090335,3930779,3245097,708382,5068756,3141098,3149358,1277235,579661,5300665,425630,1078999,771573,4908756,982694,1644095,9942561,5941030,1999324,2193934,6571138,594565,2573791,485620,3464192,15665161,1829745,4552811,353868,4045255,3145758,790414,292583
2024-08-01,361241,2364919,1416510,3749144,19740428,3272972,1936144,413239,511308,,11124952,5432917,684066,1711895,1000682,6658576,3486627,1553705,2104458,2090922,3933101,3247286,709065,5071389,3144358,3150836,1281499,579321,5298793,426197,1080959,772153,4906661,983469,1646278,9944781,5948275,2000628,2195285,6560780,594377,2577914,486273,3468960,15695870,1831154,4552984,353798,4042610,3146428,789243,292485
2024-09-01,361522,2369298,1418270,3755057,19739738,3274045,1938215,413560,511724,,11120132,5429124,684509,1714009,1001939,6657532,3492639,1555966,2107433,2090393,3935220,3245137,709455,5073576,3147710,3150245,1285448,578616,5296912,426589,1082969,772732,4903661,984368,1648253,9945041,5953993,2002153,2197586,6551356,594297,2580056,486854,3474605,15723350,1832233,4553411,353705,4039037,3146941,787891,292307
2024-10-01,361833,2372572,1419842,3761189,19748657,3274230,1939945,414091,512133,,11116877,5425189,685209,1716983,1002913,6654765,3497485,1557847,2109114,2089020,3937670,3246054,709513,5075135,3150789,3151313,1289297,577650,5294735,426909,1084937,773196,4900103,985336,1649918,9944825,5959154,2003563,2200236,6542450,594317,2580702,487413,3480823,15745766,1832988,4553527,353576,4037685,3146548,786361,291996
2024-11-01,362242,2374942,1421285,3767683,19754660,3273918,1941347,414640,512561,,11115854,5421199,686051,1720593,1003692,6650971,3501124,1559540,2109809,2087210,3939859,3246299,709331,5075936,3153783,3152923,1292768,576707,5292575,427241,1086872,773525,4897135,986202,1651499,9946572,5963937,2005073,2202614,6535011,594365,2580903,488016,3487578,15764862,1833714,4552686,353340,4037927,3144871,784869,291570
2024-12-01,362787,2376888,1422853,3774525,19760542,3273572,1942536,415050,513052,,11117838,5416920,686967,1724571,1004459,6646902,3503731,1561191,2110182,2085904,3944592,3243372,709097,5075879,3157318,3154798,1295339,576072,5291164,427648,1088834,773825,4896083,986879,1653296,9951364,5968356,2006998,2204486,6530187,594457,2581780,488659,3495761,15783877,1834676,4550910,352963,4039714,3141925,783580,291095
2025-01-01,363404,2378428,1424605,3781221,19764218,3273054,1943229,415267,513593,,11122059,5413520,687691,1728750,1005274,6642057,3505623,1562875,2110828,2085865,3949077,3240310,708929,5074356,3161050,3157040,1296727,575806,5290467,428148,1090809,774179,4896874,987201,1655393,9958025,5970790,2009517,2206067,6527997,594600,2583848,489306,3504751,15803242,1835953,4548415,352477,4042117,3137979,782497,290644
2025-02-01,363992,2378799,1426309,3786676,19776833,3271788,1943157,415242,514112,,11124800,5411608,688219,1732609,1005997,6635312,3506813,1564514,2111807,2086707,3951911,3238817,708807,5070373,3164052,3159748,1297217,575849,5290213,428674,1092681,774517,4898132,987239,1657490,9963936,5970269,2012211,2207668,6527115,594693,2586704,489890,3512707,15820568,1837227,4545016,351900,4045299,3133287,781590,290232
2025-03-01,364434,2378342,1427746,3790098,19783947,3269236,1942185,414897,514548,,11121794,5409334,688191,1735217,1006408,6624703,3507325,1566037,2112671,2087357,3952593,3235825,708694,5063179,3165998,3161383,1296500,576124,5290074,429102,1094366,774779,4898440,986996,1659140,9966391,5966660,2014439,2209519,6525771,594638,2589659,490373,3518464,15834371,1837999,4540405,351166,4047126,3128043,780816,289805
2025-04-01,364680,2377299,1429050,3792200,19792412,3265416,1940412,414252,514928,,11112016,5407544,687779,1736357,1006555,6610845,3507483,1567609,2113284,2087432,3951418,3233050,708568,5053176,3167062,3161876,1295155,576503,5289955,429401,1095866,774917,4897988,986389,1660384,9966421,5961335,2016136,2211460,6523912,594507,2592395,490782,3522012,15845628,1838168,4535111,350363,4047911,3122374,780258,289328
2025-05-01,364733,2375367,1430261,3794357,19810355,3261371,1938120,413222,515273,,11097235,5407664,687381,1736268,1006605,6595687,3508068,1569404,2113717,2086561,3949636,3234236,708353,5041830,3168185,3162368,1294436,576836,5289914,429604,1097161,774909,4897944,985461,1661117,9966598,5954968,2017934,2213343,6521592,594412,2594540,491216,3524620,15858126,1837840,4529699,349680,4048701,3115700,779991,288794
2025-06-01,364769,2374605,1431816,3797619,19818339,3258203,1935981,411850,515621,,11082777,5408413,686897,1735617,1006770,6580997,3509583,1571473,2114206,2085577,3948218,3233598,708146,5031033,3170280,3162002,1294097,577151,5290942,429864,1098372,774903,4899596,984485,1662107,9970634,5947621,2020199,2215494,6521090,594381,2597055,491756,3527455,15875182,1837615,4524672,349178,4048655,3108912,780168,288285
2025-07-01,365105,2375655,1434815,3802368,19836296,3255953,1934347,410461,516023,,11076857,5413580,686826,1735819,1007286,6568380,3510853,1574003,2115132,2087188,3946177,3233639,708211,5020617,3173356,3163431,1294461,577577,5294737,430490,1099878,775092,4903658,983892,1665487,9986380,5941374,2022048,2217910,6526708,594146,2602867,492428,3531436,15897795,1838332,4520733,348673,4050631,3104739,780875,287945
2025-08-01,365769,2378765,1438959,3807590,19850185,3254443,1933239,409378,516415,,11080810,5421660,687027,1737046,1008027,6559231,3510718,1576650,2116407,2091807,3943000,3231872,708528,5011265,3176798,3166120,1294995,578036,5300672,431457,1101540,775433,4909106,983709,1671237,10012631,5936935,2022719,2219738,6537899,593565,2611841,493112,3536188,15921704,1839933,4517843,348063,4053622,3104218,781869,287825
2025-09-01,366639,2383172,1443627,3812476,19856618,3253988,1933063,408743,516798,,11093357,5430828,687361,1739237,1008929,6555136,3509507,1579116,2118090,2098614,3939694,3227159,709123,5004120,3180407,3169132,1295547,578570,5308050,432619,1103170,775952,4915086,983988,1678448,10044581,5935238,2022471,2221014,6552836,592799,2622603,493705,3541397,15944844,1842268,4516628,347408,4056992,3107251,782955,287963
2025-10-01,,,,,,,,,,,,,,,,,,,,,,,,,,,,,,,,,,,,,,,,,,,,,,,,,,,,
2025-11-01,367709,2387873,1448832,3815687,19878800,3254030,1933758,408918,517116,,11116493,5442066,688042,1743419,1010002,6557672,3506474,1581114,2120091,2108081,3935591,3222693,710100,4998918,3182913,3175775,1296031,579266,5317047,433994,1104807,776708,4919896,985100,1687305,10081101,5936926,2020442,2221743,6571286,591783,2635089,494081,3546463,15962121,1845293,4518582,346688,4062809,3115444,783871,288447
2025-12-01,367671,2387810,1448666,3814917,19878043,3254073,1933851,409140,517069,,11117284,5441402,688037,1743797,1009937,6559867,3506135,1580822,2119991,2108050,3935586,3221708,710128,4999837,3182266,3175358,1295784,579238,5316660,433968,1104681,776712,4919038,985342,1687017,10080281,5937500,2020051,2221552,6570655,591788,2634542,493994,3545878,15958627,1845208,4519825,346776,4062730,3116196,783736,288499
2026-01-01,368676,2387630,1451314,3814212,19861662,3248790,1931253,407975,516219,,11123760,5445643,688022,1743617,1009819,6560516,3503591,1579509,2114539,2112820,3926744,3214795,709117,4992846,3177776,3177918,1293479,579463,5313331,434885,1104514,777396,4918046,985170,1694200,10104607,5932407,2018658,2218136,6582900,590980,2646468,493467,3541853,15955231,1844105,4518567,345430,4065082,3121154,782645,288454
2026-02-01,369379,2386304,1454559,3800676,19826577,3238456,1929141,406902,514718,,11141202,5451101,687830,1741535,1008136,6570062,3498263,1578265,2108665,2117818,3915271,3211231,708316,4983743,3169201,3177115,1292634,578837,5311680,435642,1104314,777213,4912673,983967,1698029,10118757,5929736,2014158,2214220,6587586,588904,2658086,492816,3532590,15941826,1840984,4513203,344047,4066446,3126595,782052,288501
