REF_DATE,GEO,Estimates,VALUE
2015,Canada,"Equals: debt service ratio, interest only",6.41
2016,Canada,"Equals: debt service ratio, interest only",6.47
2017,Canada,"Equals: debt service ratio, interest only",6.48
2018,Canada,"Equals: debt service ratio, interest only",7.06
2019,Canada,"Equals: debt service ratio, interest only",7.43
2020,Canada,"Equals: debt service ratio, interest only",6.53
2021,Canada,"Equals: debt service ratio, interest only",6.02
2022,Canada,"Equals: debt service ratio, interest only",6.86
2023,Canada,"Equals: debt service ratio, interest only",9.0
2024,Canada,"Equals: debt service ratio, interest only",9.15
2015,Newfoundland and Labrador,"Equals: debt service ratio, interest only",4.97
2016,Newfoundland and Labrador,"Equals: debt service ratio, interest only",5.11
2017,Newfoundland and Labrador,"Equals: debt service ratio, interest only",5.18
2018,Newfoundland and Labrador,"Equals: debt service ratio, interest only",5.51
2019,Newfoundland and Labrador,"Equals: debt service ratio, interest only",5.82
2020,Newfoundland and Labrador,"Equals: debt service ratio, interest only",4.96
2021,Newfoundland and Labrador,"Equals: debt service ratio, interest only",4.18
2022,Newfoundland and Labrador,"Equals: debt service ratio, interest only",4.74
2023,Newfoundland and Labrador,"Equals: debt service ratio, interest only",5.97
2024,Newfoundland and Labrador,"Equals: debt service ratio, interest only",5.7
2015,Prince Edward Island,"Equals: debt service ratio, interest only",5.27
2016,Prince Edward Island,"Equals: debt service ratio, interest only",5.15
2017,Prince Edward Island,"Equals: debt service ratio, interest only",4.87
2018,Prince Edward Island,"Equals: debt service ratio, interest only",5.31
2019,Prince Edward Island,"Equals: debt service ratio, interest only",5.49
2020,Prince Edward Island,"Equals: debt service ratio, interest only",4.74
2021,Prince Edward Island,"Equals: debt service ratio, interest only",4.14
2022,Prince Edward Island,"Equals: debt service ratio, interest only",4.7
2023,Prince Edward Island,"Equals: debt service ratio, interest only",6.1
2024,Prince Edward Island,"Equals: debt service ratio, interest only",6.01
2015,Nova Scotia,"Equals: debt service ratio, interest only",5.67
2016,Nova Scotia,"Equals: debt service ratio, interest only",5.57
2017,Nova Scotia,"Equals: debt service ratio, interest only",5.47
2018,Nova Scotia,"Equals: debt service ratio, interest only",5.79
2019,Nova Scotia,"Equals: debt service ratio, interest only",6.18
2020,Nova Scotia,"Equals: debt service ratio, interest only",5.24
2021,Nova Scotia,"Equals: debt service ratio, interest only",4.62
2022,Nova Scotia,"Equals: debt service ratio, interest only",5.25
2023,Nova Scotia,"Equals: debt service ratio, interest only",6.53
2024,Nova Scotia,"Equals: debt service ratio, interest only",6.41
2015,New Brunswick,"Equals: debt service ratio, interest only",4.74
2016,New Brunswick,"Equals: debt service ratio, interest only",4.89
2017,New Brunswick,"Equals: debt service ratio, interest only",4.99
2018,New Brunswick,"Equals: debt service ratio, interest only",5.32
2019,New Brunswick,"Equals: debt service ratio, interest only",5.62
2020,New Brunswick,"Equals: debt service ratio, interest only",4.88
2021,New Brunswick,"Equals: debt service ratio, interest only",4.27
2022,New Brunswick,"Equals: debt service ratio, interest only",4.45
2023,New Brunswick,"Equals: debt service ratio, interest only",5.8
2024,New Brunswick,"Equals: debt service ratio, interest only",5.62
2015,Quebec,"Equals: debt service ratio, interest only",5.8
2016,Quebec,"Equals: debt service ratio, interest only",5.73
2017,Quebec,"Equals: debt service ratio, interest only",5.62
2018,Quebec,"Equals: debt service ratio, interest only",6.17
2019,Quebec,"Equals: debt service ratio, interest only",6.39
2020,Quebec,"Equals: debt service ratio, interest only",5.52
2021,Quebec,"Equals: debt service ratio, interest only",5.04
2022,Quebec,"Equals: debt service ratio, interest only",5.61
2023,Quebec,"Equals: debt service ratio, interest only",7.61
2024,Quebec,"Equals: debt service ratio, interest only",7.8
2015,Ontario,"Equals: debt service ratio, interest only",6.98
2016,Ontario,"Equals: debt service ratio, interest only",6.99
2017,Ontario,"Equals: debt service ratio, interest only",7.12
2018,Ontario,"Equals: debt service ratio, interest only",7.73
2019,Ontario,"Equals: debt service ratio, interest only",8.27
2020,Ontario,"Equals: debt service ratio, interest only",7.4
2021,Ontario,"Equals: debt service ratio, interest only",7.01
2022,Ontario,"Equals: debt service ratio, interest only",8.15
2023,Ontario,"Equals: debt service ratio, interest only",10.71
2024,Ontario,"Equals: debt service ratio, interest only",10.87
2015,Manitoba,"Equals: debt service ratio, interest only",5.25
2016,Manitoba,"Equals: debt service ratio, interest only",5.24
2017,Manitoba,"Equals: debt service ratio, interest only",5.08
2018,Manitoba,"Equals: debt service ratio, interest only",5.64
2019,Manitoba,"Equals: debt service ratio, interest only",5.85
2020,Manitoba,"Equals: debt service ratio, interest only",4.93
2021,Manitoba,"Equals: debt service ratio, interest only",4.36
2022,Manitoba,"Equals: debt service ratio, interest only",4.91
2023,Manitoba,"Equals: debt service ratio, interest only",6.33
2024,Manitoba,"Equals: debt service ratio, interest only",6.46
2015,Saskatchewan,"Equals: debt service ratio, interest only",5.43
2016,Saskatchewan,"Equals: debt service ratio, interest only",5.57
2017,Saskatchewan,"Equals: debt service ratio, interest only",5.48
2018,Saskatchewan,"Equals: debt service ratio, interest only",6.01
2019,Saskatchewan,"Equals: debt service ratio, interest only",6.26
2020,Saskatchewan,"Equals: debt service ratio, interest only",5.23
2021,Saskatchewan,"Equals: debt service ratio, interest only",4.67
2022,Saskatchewan,"Equals: debt service ratio, interest only",4.76
2023,Saskatchewan,"Equals: debt service ratio, interest only",6.34
2024,Saskatchewan,"Equals: debt service ratio, interest only",6.43
2015,Alberta,"Equals: debt service ratio, interest only",5.97
2016,Alberta,"Equals: debt service ratio, interest only",6.49
2017,Alberta,"Equals: debt service ratio, interest only",6.31
2018,Alberta,"Equals: debt service ratio, interest only",6.73
2019,Alberta,"Equals: debt service ratio, interest only",6.97
2020,Alberta,"Equals: debt service ratio, interest only",6.12
2021,Alberta,"Equals: debt service ratio, interest only",5.38
2022,Alberta,"Equals: debt service ratio, interest only",5.78
2023,Alberta,"Equals: debt service ratio, interest only",7.37
2024,Alberta,"Equals: debt service ratio, interest only",7.45
2015,British Columbia,"Equals: debt service ratio, interest only",7.27
2016,British Columbia,"Equals: debt service ratio, interest only",7.2
2017,British Columbia,"Equals: debt service ratio, interest only",7.24
2018,British Columbia,"Equals: debt service ratio, interest only",8.03
2019,British Columbia,"Equals: debt service ratio, interest only",8.28
2020,British Columbia,"Equals: debt service ratio, interest only",7.22
2021,British Columbia,"Equals: debt service ratio, interest only",6.63
2022,British Columbia,"Equals: debt service ratio, interest only",7.82
2023,British Columbia,"Equals: debt service ratio, interest only",10.06
2024,British Columbia,"Equals: debt service ratio, interest only",10.28
