"SQINC1 State quarterly personal income summary: personal income, population, per capita personal income"
"SQINC1 State quarterly personal income summary: personal income, population, per capita personal income"
State or DC
GeoFIPS,GeoName,LineCode,Description,2015:Q1,2015:Q2,2015:Q3,2015:Q4,2016:Q1,2016:Q2,2016:Q3,2016:Q4,2017:Q1,2017:Q2,2017:Q3,2017:Q4,2018:Q1,2018:Q2,2018:Q3,2018:Q4,2019:Q1,2019:Q2,2019:Q3,2019:Q4,2020:Q1,2020:Q2,2020:Q3,2020:Q4,2021:Q1,2021:Q2,2021:Q3,2021:Q4,2022:Q1,2022:Q2,2022:Q3,2022:Q4,2023:Q1,2023:Q2,2023:Q3,2023:Q4,2024:Q1,2024:Q2,2024:Q3,2024:Q4,2025:Q1,2025:Q2,2025:Q3,2025:Q4
00000,United States,1,"Personal income (millions of dollars, seasonally adjusted)",15276302.2,15423817.5,15541187.0,15627145.2,15703395.6,15784190.6,15938963.8,16112413.9,16356975.5,16549325.2,16740977.5,16988569.7,17192994.4,17393989.1,17633681.1,17836943.5,18140923.5,18279908.9,18402804.5,18574699.1,18752696.7,20176400.7,19829431.3,19693707.3,22211384.2,21103101.1,21213753.1,21408433.6,21633115.0,21906057.1,22342098.3,22697985.7,23109259.4,23454699.2,23724337.7,24020535.7,24466466.2,24790949.1,25014714.4,25318322.2,25713267.6,25982179.3,26263006.0,26480869.9
00000,United States,2,"Population (midperiod, persons) 1",320914934,321493605,322178548,322864872,323436591,324025804,324685710,325317804,325818659,326315502,326899442,327442955,327841318,328276290,328791168,329274793,329622743,330001185,330495103,330993521,331339776,331520468,331691980,331865558,331811126,331970034,332381850,332855216,333212971,333710442,334379030,335102222,335732288,336392509,337198150,338045415,338791198,339585988,340269222,340764135,341139178,341545528,341935671,342192136
00000,United States,3,Per capita personal income (dollars) 2,47602,47976,48238,48402,48552,48713,49090,49528,50203,50716,51211,51883,52443,52986,53632,54170,55035,55393,55683,56118,56597,60860,59783,59342,66940,63569,63823,64318,64923,65644,66817,67735,68832,69724,70357,71057,72217,73003,73514,74299,75375,76072,76807,77386
01000,Alabama,1,"Personal income (millions of dollars, seasonally adjusted)",185291.7,187010.9,188719.5,188876.9,189491.0,190311.1,191052.4,192632.8,195457.1,197153.2,198427.5,200817.3,202840.6,204395.1,206240.5,209220.5,212649.0,214427.8,215946.6,217583.7,220781.1,240602.0,231621.3,230509.0,269156.8,249144.4,250621.3,253806.6,256178.9,259265.2,264735.5,269523.6,274265.4,277670.5,280991.1,285011.4,289618.5,294230.3,297585.6,300927.5,306492.5,309858.4,310778.7,312496.1
01000,Alabama,2,"Population (midperiod, persons) 1",4902063,4906482,4912678,4919092,4923738,4928639,4935028,4941401,4945848,4950219,4956881,4963818,4968538,4973864,4981184,4988758,4994224,5000222,5008288,5016699,5022596,5028773,5035828,5040791,5042248,5047002,5054128,5060806,5065660,5072766,5082571,5093347,5102660,5112495,5124036,5135793,5146054,5157199,5167419,5175620,5182030,5189053,5196713,5203147
01000,Alabama,3,Per capita personal income (dollars) 2,37799,38115,38415,38397,38485,38613,38714,38983,39519,39827,40031,40456,40825,41094,41404,41938,42579,42884,43118,43372,43958,47845,45995,45729,53380,49365,49587,50151,50572,51109,52087,52917,53749,54312,54838,55495,56280,57052,57589,58143,59145,59714,59803,60059
02000,Alaska *,1,"Personal income (millions of dollars, seasonally adjusted)",41820.1,41949.9,41941.4,41963.2,41121.6,41158.4,41304.7,41557.3,41477.7,41624.4,42112.2,42463.2,42937.2,43177.4,43864.4,44112.0,44225.2,44369.5,44580.9,44663.1,44123.3,47251.0,44978.9,45149.9,50091.8,47536.8,47529.1,48150.7,49641.9,50515.0,51145.2,51872.6,51822.5,53033.1,53918.5,54513.7,55420.6,56122.7,56762.7,57386.6,58274.4,58950.6,59271.0,59945.8
02000,Alaska *,2,"Population (midperiod, persons) 1",738672,738942,739714,740846,741810,742817,743293,743057,742578,742086,741490,740542,739328,738200,737425,736810,735938,735149,734686,734350,733720,733105,733173,733691,733770,734262,734543,734287,733862,733691,733834,734139,734297,734488,734926,735435,735789,736267,736692,736938,736997,737137,737304,737264
02000,Alaska *,3,Per capita personal income (dollars) 2,56615,56770,56699,56642,55434,55408,55570,55928,55856,56091,56794,57341,58076,58490,59483,59869,60094,60354,60680,60820,60136,64453,61348,61538,68266,64741,64706,65575,67645,68850,69696,70658,70574,72204,73366,74124,75321,76226,77051,77872,79070,79972,80389,81308
04000,Arizona,1,"Personal income (millions of dollars, seasonally adjusted)",263680.3,266834.8,267928.1,271452.9,274505.8,278149.3,281862.3,284269.6,290880.5,294603.0,299995.0,303567.5,309314.3,312598.6,317791.1,322131.8,330657.1,335081.9,339490.5,343799.3,349598.9,388360.7,382848.2,376321.7,429261.7,405373.2,410811.3,418126.4,424019.7,430913.4,440354.8,447587.0,461696.6,470153.4,474428.2,477882.6,490807.9,496509.5,500219.5,508077.4,511732.5,518739.1,523131.2,528693.5
04000,Arizona,2,"Population (midperiod, persons) 1",6678777,6696236,6717681,6740940,6761513,6782246,6804381,6825869,6844290,6862399,6885104,6909670,6930936,6952697,6978458,7005833,7030036,7054649,7082991,7112685,7139951,7171816,7198839,7221752,7239444,7261707,7287132,7311346,7332797,7357039,7381342,7402801,7421947,7441527,7466160,7493355,7517941,7543279,7566027,7584337,7599563,7615182,7630124,7641687
04000,Arizona,3,Per capita personal income (dollars) 2,39480,39848,39884,40269,40598,41011,41424,41646,42500,42930,43572,43934,44628,44961,45539,45981,47035,47498,47930,48336,48964,54151,53182,52109,59295,55823,56375,57189,57825,58572,59658,60462,62207,63180,63544,63774,65285,65821,66114,66990,67337,68119,68561,69185
05000,Arkansas,1,"Personal income (millions of dollars, seasonally adjusted)",115060.3,115993.0,117305.5,118170.8,118531.8,119387.3,119969.4,121146.8,122655.1,123103.0,123817.6,125725.9,127087.9,128125.6,129626.1,131043.7,129747.7,130556.6,132080.5,133194.2,134751.4,148709.0,142165.5,142662.8,167585.3,158969.6,159562.7,159858.2,160436.6,161460.1,164855.4,168002.5,172177.0,173071.9,173772.8,175251.6,179391.2,181404.5,184746.6,187265.0,191692.8,192049.8,192642.7,192997.3
05000,Arkansas,2,"Population (midperiod, persons) 1",2967257,2969032,2971907,2974953,2976895,2979070,2982207,2985381,2987312,2989279,2991969,2994153,2994978,2996222,2998503,3000785,3001813,3003176,3005959,3009139,3010803,3012715,3016413,3019956,3021403,3024923,3030116,3035157,3039063,3044419,3050574,3056480,3061493,3066878,3073446,3080261,3086187,3092656,3098789,3103865,3107857,3112240,3116854,3120510
05000,Arkansas,3,Per capita personal income (dollars) 2,38777,39068,39471,39722,39817,40075,40228,40580,41059,41182,41383,41990,42434,42762,43230,43670,43223,43473,43940,44263,44756,49360,47131,47240,55466,52553,52659,52669,52791,53035,54041,54966,56240,56433,56540,56895,58127,58657,59619,60333,61680,61708,61807,61848
06000,California,1,"Personal income (millions of dollars, seasonally adjusted)",2055502.8,2089561.3,2111103.4,2132030.8,2160710.9,2174042.2,2202555.5,2227243.5,2251305.9,2278666.9,2307389.9,2342831.9,2359551.7,2395471.8,2430234.3,2458962.7,2503127.2,2529523.6,2544540.0,2581798.8,2625856.0,2785790.8,2856284.6,2814023.8,3108859.6,2976888.1,2998330.6,2992784.6,2980794.6,2987507.6,3031955.3,3086324.5,3114245.7,3173860.9,3204010.8,3238999.7,3327947.4,3375748.5,3415182.6,3482070.6,3533519.2,3537859.4,3623000.6,3649184.2
06000,California,2,"Population (midperiod, persons) 1",38852106,38926463,39004708,39075419,39133044,39191290,39254947,39314089,39357906,39399011,39444362,39480467,39500361,39521611,39543378,39553950,39549217,39545865,39555429,39565538,39559597,39539160,39487224,39399745,39285383,39192585,39154198,39148659,39130496,39124209,39137008,39155495,39163972,39173305,39209134,39260166,39299521,39341583,39368849,39373226,39364156,39355769,39339939,39305280
06000,California,3,Per capita personal income (dollars) 2,52906,53680,54124,54562,55214,55473,56109,56653,57201,57836,58497,59342,59735,60612,61457,62167,63291,63964,64328,65254,66377,70456,72334,71422,79135,75955,76577,76447,76176,76360,77470,78822,79518,81021,81716,82501,84682,85806,86748,88438,89765,89894,92095,92842
08000,Colorado,1,"Personal income (millions of dollars, seasonally adjusted)",277175.8,279882.6,280321.7,281404.0,279518.8,281188.5,284871.0,289136.5,295371.2,300553.8,305257.0,312284.9,318851.7,324503.3,331417.3,337678.6,347200.5,349368.0,354033.4,355302.1,363844.6,381277.3,375314.9,377360.4,422556.8,407990.6,416142.8,426070.6,437107.7,441496.5,460266.3,455836.7,464742.2,470733.9,475241.9,481700.5,486154.3,493454.3,496925.6,502660.3,511131.8,516140.3,520814.0,524585.3
08000,Colorado,2,"Population (midperiod, persons) 1",5404980,5428933,5453046,5475563,5496226,5517369,5538169,5556974,5573637,5590454,5610037,5630267,5648196,5666945,5685024,5700591,5714000,5728134,5743242,5757548,5769431,5780632,5791009,5798494,5802218,5809751,5819893,5829433,5837188,5847552,5861242,5876385,5890060,5904437,5922299,5941831,5959739,5978657,5992131,5998884,6003682,6009182,6014416,6017422
08000,Colorado,3,Per capita personal income (dollars) 2,51282,51554,51406,51393,50857,50964,51438,52031,52994,53762,54413,55465,56452,57262,58297,59236,60763,60992,61643,61711,63064,65958,64810,65079,72827,70225,71504,73090,74883,75501,78527,77571,78903,79725,80246,81069,81573,82536,82930,83792,85136,85892,86594,87178
09000,Connecticut,1,"Personal income (millions of dollars, seasonally adjusted)",236877.6,238470.1,239573.7,241818.1,243024.5,243517.1,243735.7,244517.5,245754.4,248293.6,250100.9,253655.5,256616.7,258801.7,263148.1,263762.3,266914.1,267116.5,266846.9,269379.5,266583.9,279531.6,277112.6,276891.0,300524.2,292535.9,294132.9,297972.9,302058.3,304555.7,312289.4,317142.2,322117.7,327417.2,330487.4,334897.1,343986.5,347817.2,351013.1,354691.4,359919.9,363435.2,366037.7,369471.3
09000,Connecticut,2,"Population (midperiod, persons) 1",3613531,3612171,3611884,3611392,3609603,3608013,3608191,3608914,3608169,3607401,3608608,3610220,3610185,3610586,3611305,3610951,3609040,3607492,3607921,3609003,3608253,3593411,3583747,3591220,3596142,3603524,3609650,3612336,3613686,3616731,3621987,3627969,3632894,3638276,3645944,3654613,3662082,3670143,3676678,3680780,3683462,3686512,3689438,3690848
09000,Connecticut,3,Per capita personal income (dollars) 2,65553,66018,66329,66960,67327,67493,67551,67754,68111,68829,69307,70260,71081,71679,72868,73045,73957,74045,73961,74641,73882,77790,77325,77102,83568,81181,81485,82488,83587,84207,86220,87416,88667,89992,90645,91637,93932,94769,95470,96363,97712,98585,99212,100105
10000,Delaware,1,"Personal income (millions of dollars, seasonally adjusted)",44023.6,44703.2,44669.6,45108.6,45105.9,45699.4,46176.5,46731.9,47364.1,47599.1,48416.1,48929.2,50055.1,50740.0,51620.1,52186.3,52323.7,52721.7,52998.0,53054.1,53584.4,56723.3,55284.0,54687.4,63102.4,58601.6,58758.9,60240.6,63124.5,64771.4,66325.8,67325.9,66039.6,66546.4,67236.5,67952.7,69986.2,71230.9,72111.1,73048.7,74717.0,75474.0,75990.0,76359.8
10000,Delaware,2,"Population (midperiod, persons) 1",941396,943534,945912,948198,950112,952070,954362,956710,958633,960528,962973,965585,967716,969931,972595,975364,977656,980046,982963,986112,988708,990856,993731,997185,999970,1003315,1007170,1010982,1014420,1018248,1022298,1026212,1029798,1033446,1037334,1041168,1044650,1048266,1051514,1054160,1056394,1058682,1061065,1063113
10000,Delaware,3,Per capita personal income (dollars) 2,46764,47379,47224,47573,47474,48000,48385,48846,49408,49555,50278,50673,51725,52313,53075,53504,53520,53795,53917,53801,54196,57247,55633,54842,63104,58408,58341,59586,62227,63611,64879,65606,64129,64393,64817,65266,66995,67951,68578,69296,70728,71291,71617,71827
11000,District of Columbia,1,"Personal income (millions of dollars, seasonally adjusted)",49106.3,49690.8,49975.8,50194.0,51452.9,52013.8,52344.0,52951.7,53325.5,53792.1,54495.7,55021.4,55343.6,55962.8,56933.8,57342.7,57072.5,57471.7,57621.1,57879.6,58136.7,61988.2,62125.1,61269.9,66603.5,65413.9,65483.9,65230.3,66687.8,67458.2,68947.5,69894.7,71846.8,73140.8,73706.1,74491.3,76777.4,77766.2,78256.9,79517.5,79969.8,80609.5,80703.3,80903.7
11000,District of Columbia,2,"Population (midperiod, persons) 1",661092,663759,666259,668410,670379,672379,674403,676332,678051,679746,681338,682654,683712,684856,685772,686335,686663,687068,687791,688665,689238,680209,670848,670598,669946,669684,670292,671473,672475,673770,675545,677564,679509,681483,683679,685888,687976,690176,691654,692289,692769,693317,693711,693743
11000,District of Columbia,3,Per capita personal income (dollars) 2,74281,74863,75010,75095,76752,77358,77615,78293,78645,79136,79983,80599,80946,81715,83021,83549,83116,83648,83777,84046,84349,91131,92607,91366,99416,97679,97695,97145,99168,100121,102062,103156,105733,107326,107808,108606,111599,112676,113145,114862,115435,116266,116336,116619
12000,Florida,1,"Personal income (millions of dollars, seasonally adjusted)",890419.0,902353.3,910074.5,918955.1,921364.3,930598.8,945176.7,958802.7,983406.3,1004716.9,1019666.5,1036219.0,1053639.7,1066705.0,1087015.7,1104681.9,1129532.7,1140984.9,1149325.9,1163911.7,1180581.9,1254975.6,1228080.3,1224575.7,1403519.6,1335304.4,1348742.8,1380680.7,1400654.0,1443240.1,1489325.2,1523784.7,1567716.3,1595405.0,1613394.2,1642085.8,1676117.2,1695910.9,1716104.4,1737090.5,1765382.6,1783009.1,1804673.2,1820791.4
12000,Florida,2,"Population (midperiod, persons) 1",20014436,20096944,20193335,20296239,20390308,20484318,20579499,20668773,20748134,20826282,20905555,20976656,21036552,21097927,21163186,21223893,21273969,21325180,21388696,21456160,21511673,21563016,21626176,21691001,21738989,21801330,21912466,22057598,22193402,22338327,22481808,22613659,22738063,22863994,22974885,23062608,23141765,23223475,23294400,23348349,23392273,23437314,23478579,23507270
12000,Florida,3,Per capita personal income (dollars) 2,44489,44900,45068,45277,45186,45430,45928,46389,47397,48243,48775,49399,50086,50560,51364,52049,53095,53504,53735,54246,54881,58200,56787,56455,64562,61249,61551,62594,63111,64608,66246,67383,68947,69778,70224,71201,72428,73026,73670,74399,75469,76076,76865,77457
13000,Georgia,1,"Personal income (millions of dollars, seasonally adjusted)",416321.3,421557.9,426016.4,429072.5,436179.8,437513.7,441961.5,448501.3,458937.5,464170.3,469167.2,478094.8,481213.4,487312.1,495935.8,499890.4,510495.8,515021.9,518376.4,522122.6,526641.5,574272.5,559524.9,550360.8,633853.7,593549.9,596971.2,604362.4,610041.5,623422.1,633755.4,642536.7,648241.0,660543.3,668205.2,678734.0,692283.3,700571.8,707421.9,717578.6,729397.8,738573.6,742251.5,745749.5
13000,Georgia,2,"Population (midperiod, persons) 1",10150959,10177664,10208990,10242103,10272041,10302457,10333752,10363173,10389054,10414689,10443241,10471033,10494697,10519445,10547965,10577209,10602486,10628811,10656267,10681473,10702190,10722282,10741489,10758094,10767752,10783667,10811423,10845519,10876305,10911383,10947826,10982224,11013971,11046476,11082253,11118248,11151482,11186274,11217762,11243715,11266272,11289882,11312544,11330705
13000,Georgia,3,Per capita personal income (dollars) 2,41013,41420,41730,41893,42463,42467,42769,43278,44175,44569,44925,45659,45853,46325,47017,47261,48149,48455,48645,48881,49209,53559,52090,51158,58866,55042,55217,55725,56089,57135,57889,58507,58856,59797,60295,61047,62080,62628,63063,63820,64742,65419,65613,65817
15000,Hawaii *,1,"Personal income (millions of dollars, seasonally adjusted)",67187.1,67983.2,68489.2,69143.6,69872.3,70494.8,71017.1,71595.0,73039.0,73388.9,73936.0,74221.7,74527.8,75086.7,75449.1,76002.1,77782.4,78189.4,78819.3,79556.8,80161.6,86821.8,82320.1,81730.5,92756.6,87451.7,87704.0,86689.1,88571.8,89511.9,91376.2,94571.6,94960.1,96628.0,97232.0,99025.4,100668.1,102431.6,103486.8,104228.5,106868.7,107517.0,107422.9,117160.9
15000,Hawaii *,2,"Population (midperiod, persons) 1",1442288,1444979,1447897,1450638,1453053,1455478,1457169,1457861,1458025,1457979,1458583,1459361,1459589,1459734,1459786,1459349,1458363,1457297,1456889,1456662,1455806,1453123,1450848,1450090,1448314,1447175,1445967,1443821,1441177,1438821,1437606,1437059,1436162,1435257,1435088,1435290,1435083,1434939,1434856,1434578,1433791,1433045,1432427,1431476
15000,Hawaii *,3,Per capita personal income (dollars) 2,46584,47048,47303,47664,48087,48434,48736,49110,50094,50336,50690,50859,51061,51439,51685,52079,53335,53654,54101,54616,55063,59748,56739,56362,64045,60429,60654,60041,61458,62212,63561,65809,66121,67325,67753,68993,70148,71384,72124,72654,74536,75027,74994,81846
16000,Idaho,1,"Personal income (millions of dollars, seasonally adjusted)",63821.0,64183.6,65020.2,65232.4,66194.7,67013.9,67780.3,68187.4,69637.5,71024.6,71948.8,73279.5,74917.1,75900.0,76886.6,78414.5,81088.3,82410.4,83646.1,84725.9,87111.9,93971.1,91991.1,94766.1,109228.1,102823.4,104270.1,107342.5,107958.4,109802.1,112018.0,113785.7,115140.2,115576.3,117144.5,118908.8,121326.3,123994.1,125759.0,127907.3,129063.8,131198.0,132706.6,133511.3
16000,Idaho,2,"Population (midperiod, persons) 1",1655307,1660606,1667887,1676556,1684594,1692789,1702062,1711867,1720928,1730070,1739441,1748342,1756481,1764897,1774430,1784493,1793835,1803393,1813784,1824410,1834246,1844086,1856496,1870566,1883385,1897514,1909876,1919368,1928204,1937905,1946589,1953689,1960187,1966931,1974499,1982277,1989439,1996972,2004712,2012190,2018966,2025982,2033269,2040078
16000,Idaho,3,Per capita personal income (dollars) 2,38555,38651,38984,38909,39294,39588,39822,39832,40465,41053,41363,41914,42652,43005,43330,43942,45204,45697,46117,46440,47492,50958,49551,50662,57996,54188,54595,55926,55989,56660,57546,58241,58739,58760,59329,59986,60985,62091,62732,63566,63926,64758,65268,65444
17000,Illinois,1,"Personal income (millions of dollars, seasonally adjusted)",649016.8,655103.5,661013.6,663187.0,661880.5,662012.9,663848.4,671005.4,674597.9,681638.1,689081.5,697213.4,711312.0,720367.2,726307.4,732759.8,735666.8,738148.6,744850.9,748952.7,755842.7,808766.2,796815.0,791189.3,881237.2,836434.0,838682.2,840618.9,842654.7,849733.2,865085.2,877904.4,889455.2,903851.5,911865.3,923731.0,935480.5,943927.3,949131.0,960192.4,971785.1,987336.9,994037.0,1003610.4
17000,Illinois,2,"Population (midperiod, persons) 1",12967520,12963706,12962723,12960211,12953136,12946839,12944264,12941372,12933313,12925194,12920491,12914053,12901888,12891289,12884603,12877368,12864841,12853640,12846928,12840273,12827688,12807471,12785672,12764231,12734087,12712311,12693314,12669716,12641742,12619316,12613976,12621061,12624677,12629650,12643516,12662187,12677018,12693816,12706666,12712481,12713792,12716427,12718084,12714221
17000,Illinois,3,Per capita personal income (dollars) 2,50049,50534,50993,51171,51098,51133,51285,51850,52160,52737,53332,53989,55132,55880,56370,56903,57184,57427,57979,58328,58923,63148,62321,61985,69203,65797,66073,66349,66657,67336,68581,69559,70454,71566,72121,72952,73793,74361,74696,75531,76436,77643,78159,78936
18000,Indiana,1,"Personal income (millions of dollars, seasonally adjusted)",276386.8,278907.3,279960.2,282288.6,283599.8,285917.4,288576.1,291007.3,293618.5,296531.2,298964.8,302847.4,309044.8,311080.3,314274.1,318109.6,322645.6,324911.0,327793.6,330215.4,336074.0,360613.7,353436.6,356181.0,407463.9,381727.3,384986.3,390058.5,395437.9,397959.0,402503.4,410394.0,415497.9,420567.1,424253.4,429062.8,438228.8,443825.0,444111.9,448589.5,457817.3,461011.2,463926.8,466358.9
18000,Indiana,2,"Population (midperiod, persons) 1",6622707,6626384,6633479,6641858,6647941,6654636,6663073,6671136,6676633,6682388,6692087,6703122,6711245,6720543,6731311,6741293,6748647,6756936,6767033,6776786,6783434,6787858,6794126,6800786,6802908,6809840,6818562,6825172,6829407,6837008,6847142,6857721,6866345,6875922,6888654,6902510,6914379,6927669,6940311,6950741,6958814,6967971,6977041,6983582
18000,Indiana,3,Per capita personal income (dollars) 2,41733,42090,42204,42501,42660,42965,43310,43622,43977,44375,44674,45180,46049,46288,46688,47188,47809,48086,48440,48727,49543,53126,52021,52374,59896,56055,56462,57150,57902,58207,58784,59844,60512,61165,61587,62160,63379,64066,63990,64538,65790,66161,66493,66779
19000,Iowa,1,"Personal income (millions of dollars, seasonally adjusted)",141488.5,141704.3,143202.4,143689.3,143202.6,143267.5,144431.1,144458.2,146864.5,147431.9,147527.6,149821.8,151993.7,153602.8,154878.8,158268.8,156737.1,156334.0,159373.1,160180.9,159837.8,175368.6,167306.8,169877.9,193103.6,185315.8,184048.0,182808.1,191075.7,194524.0,198917.2,199643.5,199910.1,200673.0,202543.2,203897.1,207894.6,210380.6,212438.2,214988.1,219674.4,221265.2,222494.3,221631.4
19000,Iowa,2,"Population (midperiod, persons) 1",3131265,3134373,3138408,3142212,3144819,3147754,3151742,3155644,3158164,3160903,3164324,3167096,3168340,3170205,3173546,3177156,3179422,3182130,3185522,3188506,3189913,3190567,3192546,3194867,3194900,3197375,3199909,3200564,3199954,3201011,3203861,3207401,3209886,3212898,3217056,3221261,3224427,3228281,3231848,3234245,3235404,3237123,3239214,3240358
19000,Iowa,3,Per capita personal income (dollars) 2,45186,45210,45629,45729,45536,45514,45826,45778,46503,46642,46622,47306,47973,48452,48803,49815,49297,49129,50030,50237,50107,54965,52405,53172,60441,57959,57517,57117,59712,60770,62087,62245,62279,62459,62959,63297,64475,65168,65733,66472,67897,68352,68688,68397
20000,Kansas,1,"Personal income (millions of dollars, seasonally adjusted)",136105.4,136308.5,136366.7,135975.9,135247.0,136256.9,137409.7,138100.6,139799.3,140596.6,141414.6,143436.6,144747.3,146559.2,148218.9,150104.3,151397.8,152093.2,153754.2,154802.5,155583.7,167398.3,162231.8,163894.7,178875.7,172105.4,172511.8,172414.9,179053.5,179442.6,183233.7,185258.0,184144.6,186608.3,188896.6,190179.6,192153.5,195355.6,196302.5,198720.5,201441.4,207027.1,209525.0,209789.3
20000,Kansas,2,"Population (midperiod, persons) 1",2918937,2921220,2923694,2925253,2925758,2926531,2927733,2928355,2927757,2927262,2928398,2929954,2930168,2930880,2932293,2933316,2933132,2933333,2934939,2936945,2937579,2937890,2938795,2939300,2937770,2938298,2939299,2939068,2937709,2937709,2939835,2943069,2945402,2948097,2952010,2956174,2959423,2963171,2967108,2970514,2972816,2975520,2978366,2980239
20000,Kansas,3,Per capita personal income (dollars) 2,46628,46661,46642,46483,46226,46559,46934,47160,47750,48030,48291,48955,49399,50005,50547,51172,51616,51850,52388,52709,52963,56979,55204,55760,60888,58573,58691,58663,60950,61083,62328,62947,62519,63298,63989,64333,64929,65928,66160,66898,67761,69577,70349,70393
21000,Kentucky,1,"Personal income (millions of dollars, seasonally adjusted)",169699.2,172035.5,173014.5,174328.3,173541.2,174462.9,176319.5,176778.7,179112.5,179844.6,181213.1,183174.1,184652.8,186554.5,187446.7,189070.4,193456.0,194747.1,195991.4,197881.2,200293.5,224652.9,212364.0,211802.4,246037.6,228109.4,230460.9,231845.8,233915.4,236719.3,238794.6,241941.1,248176.6,252160.5,255485.6,257455.3,263675.5,266382.7,268156.9,270976.6,274411.3,279534.0,281330.9,282779.1
21000,Kentucky,2,"Population (midperiod, persons) 1",4438699,4441755,4446054,4450143,4452718,4455744,4460615,4465931,4469486,4473287,4477825,4481400,4483043,4485540,4489226,4492610,4494263,4496540,4500145,4503690,4505249,4506892,4508789,4509189,4506641,4507373,4510558,4513622,4515106,4518877,4525224,4532772,4539066,4546020,4554588,4563416,4570958,4579490,4587354,4593557,4598211,4603637,4609169,4613160
21000,Kentucky,3,Per capita personal income (dollars) 2,38232,38731,38914,39174,38974,39155,39528,39584,40075,40204,40469,40874,41189,41590,41755,42085,43045,43310,43552,43938,44458,49847,47100,46971,54594,50608,51094,51366,51807,52385,52770,53376,54676,55468,56094,56417,57685,58169,58456,58991,59678,60720,61037,61298
22000,Louisiana,1,"Personal income (millions of dollars, seasonally adjusted)",198461.9,198112.1,198661.1,198468.5,195578.6,196611.3,197618.7,199839.2,201673.5,202371.2,204252.8,205521.9,208985.5,211790.3,213394.0,215113.2,218081.0,218736.0,219493.4,220909.4,221565.1,247308.0,237613.7,227311.4,265420.7,250644.1,253157.2,251144.1,249500.0,253191.6,256086.6,258883.8,266418.6,268839.0,271565.4,275886.6,281151.4,284326.5,285765.1,287105.5,291681.1,296061.8,294873.7,298536.3
22000,Louisiana,2,"Population (midperiod, persons) 1",4663258,4667821,4673046,4677516,4680423,4683550,4685361,4684513,4681926,4679269,4678189,4676911,4673622,4670899,4669995,4669387,4666950,4664985,4664223,4663080,4659682,4654621,4649826,4644587,4636206,4630697,4625759,4618824,4610311,4603715,4601154,4601097,4599817,4598867,4601258,4605680,4608862,4612724,4615856,4617273,4617172,4617546,4618192,4617493
22000,Louisiana,3,Per capita personal income (dollars) 2,42559,42442,42512,42430,41787,41979,42178,42660,43075,43248,43661,43944,44716,45343,45695,46069,46729,46889,47059,47374,47549,53132,51102,48941,57250,54127,54728,54374,54118,54997,55657,56266,57919,58458,59020,59901,61002,61640,61909,62181,63173,64117,63850,64653
23000,Maine,1,"Personal income (millions of dollars, seasonally adjusted)",56252.5,57104.8,57694.8,58373.7,58620.3,59162.5,59367.2,59997.2,60820.8,61251.5,62125.0,62763.3,63536.3,64184.5,64850.0,65282.0,66969.9,67508.5,68067.8,68865.1,70007.4,77924.7,73872.7,74743.3,85184.3,80169.2,80693.6,81501.2,83483.6,84979.2,86908.7,87445.4,90697.6,90712.1,91975.8,93023.9,95431.7,96181.7,97202.3,98585.3,99740.1,101447.4,101828.7,102554.7
23000,Maine,2,"Population (midperiod, persons) 1",1336258,1335828,1336518,1337888,1338692,1339660,1341094,1342545,1343363,1344283,1345882,1347549,1348534,1349807,1351688,1353669,1355018,1356590,1358589,1360573,1361965,1363775,1366562,1370308,1373063,1376881,1380807,1383892,1386424,1389747,1393046,1395772,1398039,1400571,1402967,1404710,1405956,1407527,1409418,1411219,1412489,1413951,1415448,1416373
23000,Maine,3,Per capita personal income (dollars) 2,42097,42749,43168,43631,43789,44162,44268,44689,45275,45564,46159,46576,47115,47551,47977,48226,49424,49763,50102,50615,51402,57139,54057,54545,62040,58225,58439,58893,60215,61147,62388,62650,64875,64768,65558,66223,67877,68334,68966,69858,70613,71747,71941,72407
24000,Maryland,1,"Personal income (millions of dollars, seasonally adjusted)",329409.9,331834.9,334114.7,336465.4,339089.8,342405.7,345525.8,349759.1,350813.5,354275.2,357354.7,361872.5,362847.3,366249.3,370106.4,372122.1,376866.6,380187.9,380884.1,383850.1,384243.3,411147.9,406681.2,400927.6,445622.8,419875.9,421134.0,424580.0,428662.1,434071.5,442475.2,448016.8,458791.6,466520.3,473570.0,478076.6,489627.2,493833.0,498303.5,503891.9,508064.1,512009.9,514318.5,516471.0
24000,Maryland,2,"Population (midperiod, persons) 1",6036434,6045288,6054922,6063463,6069962,6076625,6085606,6095112,6102301,6109210,6117669,6125313,6130314,6135812,6143202,6150490,6155241,6160467,6167857,6175270,6179650,6179482,6178990,6179306,6175437,6175234,6177702,6179472,6179212,6181453,6186674,6192684,6197117,6201941,6210646,6221389,6230365,6240106,6248608,6254498,6258319,6262584,6266706,6268544
24000,Maryland,3,Per capita personal income (dollars) 2,54570,54891,55181,55491,55864,56348,56778,57384,57489,57990,58414,59078,59189,59690,60246,60503,61227,61714,61753,62159,62179,66534,65817,64882,72161,67994,68170,68708,69372,70222,71521,72346,74033,75222,76251,76844,78587,79139,79746,80565,81182,81757,82072,82391
25000,Massachusetts,1,"Personal income (millions of dollars, seasonally adjusted)",414861.2,421267.3,424290.4,429771.3,431408.0,435851.9,442473.1,444660.9,450595.7,456594.2,463394.5,468530.7,476446.8,480871.6,486516.8,491982.5,506003.7,507319.9,507703.9,510511.4,515454.7,558089.0,545597.7,548988.8,601405.2,584267.2,584897.1,584034.8,585801.0,590054.1,599490.9,624692.2,622419.5,633343.4,638949.2,647767.1,659774.0,666974.6,670917.0,674306.5,685553.6,694419.5,701427.8,707420.3
25000,Massachusetts,2,"Population (midperiod, persons) 1",6850400,6860726,6872907,6884578,6893881,6903897,6916837,6930460,6941368,6952517,6964514,6974483,6981456,6989555,6998211,7004930,7008835,7013591,7020207,7026248,7029470,7008623,6987734,6991353,6990164,6993864,7001262,7008232,7012713,7020657,7032191,7044746,7055286,7066904,7082364,7099240,7113927,7129990,7141340,7146179,7148438,7151647,7153982,7152887
25000,Massachusetts,3,Per capita personal income (dollars) 2,60560,61403,61734,62425,62578,63131,63970,64160,64915,65673,66537,67178,68245,68799,69520,70234,72195,72334,72320,72658,73328,79629,78079,78524,86036,83540,83542,83336,83534,84045,85250,88675,88220,89621,90217,91245,92744,93545,93948,94359,95903,97099,98047,98900
26000,Michigan,1,"Personal income (millions of dollars, seasonally adjusted)",422272.8,427616.8,431711.8,435538.2,437683.4,440216.3,442083.3,446245.8,450718.2,452948.7,455153.9,460758.5,469670.3,472331.5,476111.7,478718.5,484570.7,488639.7,490441.2,494626.7,498383.3,564795.6,538385.6,526515.3,604004.5,566117.2,561407.9,561493.4,573717.2,578402.6,587097.5,593071.2,606825.7,614368.9,621346.8,626111.3,635782.7,645435.0,647102.8,655066.6,662505.8,672408.4,677336.8,684031.5
26000,Michigan,2,"Population (midperiod, persons) 1",9984381,9985715,9992547,10001517,10006914,10013039,10022809,10032977,10039066,10045328,10054003,10060989,10063411,10067366,10072979,10076640,10076035,10076668,10080070,10082775,10080524,10074929,10069968,10063675,10050414,10044146,10043995,10044239,10040818,10042177,10047302,10052817,10055341,10059226,10067978,10078374,10085614,10094760,10104706,10113053,10117715,10123725,10130630,10134525
26000,Michigan,3,Per capita personal income (dollars) 2,42293,42823,43203,43547,43738,43964,44108,44478,44896,45090,45271,45797,46671,46917,47266,47508,48091,48492,48655,49057,49440,56060,53464,52318,60097,56363,55895,55902,57138,57597,58433,58996,60349,61075,61715,62124,63039,63938,64040,64774,65480,66419,66860,67495
27000,Minnesota,1,"Personal income (millions of dollars, seasonally adjusted)",280665.0,281721.4,283810.2,285755.7,285525.6,286446.1,290627.3,292867.4,299012.5,299999.9,301336.1,306647.5,310721.5,315423.3,319595.9,324518.4,326010.6,327494.5,331009.2,332652.0,334820.3,364054.4,350535.5,352469.6,398091.2,383958.8,382002.2,384011.1,388939.6,394705.0,402443.6,405421.3,410558.9,416431.4,420305.8,425067.9,431254.7,435369.1,439964.8,445338.9,451659.2,455728.4,461500.1,462742.4
27000,Minnesota,2,"Population (midperiod, persons) 1",5497570,5505824,5517102,5529445,5539821,5550850,5563954,5577230,5588222,5599523,5612381,5624461,5633996,5644574,5655868,5665845,5673473,5681993,5691115,5698916,5704038,5708162,5711775,5713193,5710733,5712404,5716554,5719734,5720862,5724916,5731335,5738155,5743280,5749349,5759129,5770672,5780463,5791489,5802192,5811134,5818000,5825799,5834064,5840493
27000,Minnesota,3,Per capita personal income (dollars) 2,51053,51168,51442,51679,51541,51604,52234,52511,53508,53576,53691,54520,55151,55881,56507,57276,57462,57637,58162,58371,58699,63778,61371,61694,69709,67215,66824,67138,67986,68945,70218,70654,71485,72431,72981,73660,74606,75174,75827,76635,77631,78226,79104,79230
28000,Mississippi,1,"Personal income (millions of dollars, seasonally adjusted)",103684.8,104715.7,105275.3,105413.0,105886.0,106000.2,106304.6,107231.2,108447.4,108555.9,109392.3,110135.6,110407.1,111523.5,112147.4,113593.4,115246.0,115502.4,116644.0,117461.6,118576.4,134044.5,125955.1,123923.5,147948.9,135319.5,135605.0,135687.3,136188.9,136495.0,139270.0,140940.7,143842.2,145714.8,146361.0,148725.7,150541.1,152734.0,154118.5,155632.2,159658.5,160942.2,161772.5,162000.9
28000,Mississippi,2,"Population (midperiod, persons) 1",2986578,2985350,2985317,2985627,2984951,2984360,2984652,2985001,2984282,2983461,2982807,2981154,2978243,2975642,2974358,2973459,2971377,2969591,2968256,2966367,2963036,2959569,2957458,2955209,2950900,2948418,2947223,2945630,2942971,2941588,2941744,2942369,2942180,2942203,2943736,2945921,2947290,2949108,2951042,2952425,2952811,2953514,2954588,2954947
28000,Mississippi,3,Per capita personal income (dollars) 2,34717,35077,35264,35307,35473,35519,35617,35923,36340,36386,36674,36944,37071,37479,37705,38202,38785,38895,39297,39598,40019,45292,42589,41934,50137,45896,46011,46064,46276,46402,47343,47900,48890,49526,49719,50485,51078,51790,52225,52713,54070,54492,54753,54824
29000,Missouri,1,"Personal income (millions of dollars, seasonally adjusted)",256436.1,258337.6,260565.0,262061.3,265254.4,265955.2,267377.6,269607.1,270612.6,272193.7,274262.5,278028.0,280421.3,285723.5,287415.7,290776.7,293160.6,295244.2,299070.9,302494.5,307475.3,334629.9,320807.4,322354.2,366663.3,345807.3,344858.6,347438.5,352708.5,357494.5,365350.3,371054.9,379367.9,386348.5,389972.4,394716.4,400618.1,403993.5,406790.7,410426.6,416614.4,423304.4,425996.9,429318.9
29000,Missouri,2,"Population (midperiod, persons) 1",6071697,6074821,6079927,6084915,6087681,6091008,6096783,6103077,6106804,6110776,6116417,6121227,6123257,6126304,6131299,6136034,6138185,6141181,6146336,6151644,6153909,6154453,6158085,6163111,6163927,6169129,6174279,6175828,6175125,6177468,6183277,6190501,6195931,6202211,6211285,6221211,6229236,6238504,6247642,6255184,6260454,6266703,6273667,6278948
29000,Missouri,3,Per capita personal income (dollars) 2,42235,42526,42857,43067,43572,43664,43856,44176,44313,44543,44840,45420,45796,46639,46877,47388,47760,48076,48658,49173,49964,54372,52095,52304,59485,56054,55854,56258,57118,57871,59087,59939,61229,62292,62784,63447,64313,64758,65111,65614,66547,67548,67902,68374
30000,Montana,1,"Personal income (millions of dollars, seasonally adjusted)",44289.5,44538.9,44868.7,44636.2,44626.1,44843.8,45408.4,46254.9,47144.2,47978.6,48231.0,48659.5,49454.5,50070.1,50523.0,51360.5,52552.6,52939.2,53823.0,54294.4,54531.5,60958.0,58265.9,59210.5,67662.5,64391.3,64513.4,65591.1,68239.9,69070.4,70201.1,71154.5,73526.3,74554.7,75179.3,76221.3,77306.4,78333.6,78996.3,80329.9,81353.0,82970.3,83214.8,83690.6
30000,Montana,2,"Population (midperiod, persons) 1",1031179,1033340,1036099,1039066,1041639,1044306,1047473,1050771,1053604,1056476,1059302,1061640,1063453,1065469,1067894,1070307,1072253,1074328,1077140,1080320,1082941,1085608,1089716,1094662,1098828,1103794,1108471,1112239,1115576,1119476,1122787,1125175,1127211,1129402,1131605,1133464,1134936,1136628,1138587,1140542,1142053,1143721,1145656,1147414
30000,Montana,3,Per capita personal income (dollars) 2,42950,43102,43305,42958,42842,42941,43350,44020,44746,45414,45531,45834,46504,46993,47311,47987,49011,49277,49968,50258,50355,56151,53469,54090,61577,58336,58200,58972,61170,61699,62524,63239,65229,66013,66436,67246,68115,68918,69381,70431,71234,72544,72635,72938
31000,Nebraska,1,"Personal income (millions of dollars, seasonally adjusted)",93750.6,94639.5,95361.5,94975.3,93540.6,93303.8,93491.5,93902.8,93961.1,95400.9,96090.8,97842.0,97997.7,98878.9,100148.5,103245.8,102949.8,103271.5,105513.0,106729.4,106298.2,115140.9,111065.4,114431.8,127172.9,124595.5,124793.5,123669.3,127777.6,128939.8,132586.9,134250.0,140742.1,141865.2,142642.2,143416.5,143902.7,145628.6,146079.6,147583.0,149783.5,152846.8,154570.7,155128.0
31000,Nebraska,2,"Population (midperiod, persons) 1",1899580,1902894,1907133,1911629,1915407,1919405,1923520,1927130,1929928,1932822,1936188,1939286,1941465,1944003,1946931,1949619,1951520,1953675,1956377,1959008,1960783,1962497,1963752,1964290,1963496,1964112,1965958,1967903,1969118,1971307,1974743,1978842,1982300,1986083,1990556,1995081,1998998,2003304,2007367,2010732,2013366,2016305,2019271,2021513
31000,Nebraska,3,Per capita personal income (dollars) 2,49353,49735,50003,49683,48836,48611,48604,48727,48686,49358,49629,50453,50476,50864,51439,52957,52754,52860,53933,54481,54212,58671,56558,58256,64769,63436,63477,62843,64891,65408,67141,67843,70999,71430,71659,71885,71987,72694,72772,73398,74395,75805,76548,76739
32000,Nevada,1,"Personal income (millions of dollars, seasonally adjusted)",122870.1,124833.8,125516.8,127133.8,127138.8,128580.2,132449.9,131347.8,136037.6,138055.3,140350.1,140944.9,145678.4,146829.2,149069.6,152055.3,156703.9,158682.8,159891.4,162293.8,164381.7,177016.7,169906.7,170485.1,197783.7,188989.0,190585.4,191173.5,193901.4,197300.6,200813.4,204890.9,208410.9,213029.6,216276.7,219853.4,224459.4,226819.4,228754.4,232313.3,236339.2,239396.4,241739.2,242971.8
32000,Nevada,2,"Population (midperiod, persons) 1",2838898,2850124,2862498,2875156,2886782,2898491,2911351,2924570,2936583,2948464,2962280,2976974,2990351,3003936,3018685,3033686,3047442,3061368,3075323,3088269,3099864,3111000,3121283,3129655,3135909,3143956,3152511,3159847,3166164,3173616,3182209,3190907,3198761,3206777,3216754,3227775,3237824,3248184,3257561,3265263,3271832,3278526,3284785,3289593
32000,Nevada,3,Per capita personal income (dollars) 2,43281,43799,43849,44218,44042,44361,45494,44912,46325,46823,47379,47345,48716,48879,49382,50122,51421,51834,51992,52552,53029,56900,54435,54474,63071,60112,60455,60501,61242,62169,63105,64211,65154,66431,67234,68113,69324,69830,70223,71147,72235,73020,73594,73861
33000,New Hampshire,1,"Personal income (millions of dollars, seasonally adjusted)",71187.7,72529.4,72968.6,74432.6,74171.2,74983.2,75817.6,75943.9,77359.8,77890.0,79469.3,79924.7,81489.8,81865.5,82824.7,83234.9,87406.8,87519.0,87794.8,88175.9,90105.4,94499.4,93550.0,94460.5,103101.3,101204.1,102279.4,104068.4,102582.6,104341.7,106115.3,107803.8,108725.9,110670.7,111672.0,113526.0,115487.5,116835.3,117690.7,118867.5,121617.9,121926.6,123712.6,125048.9
33000,New Hampshire,2,"Population (midperiod, persons) 1",1342255,1343159,1344866,1346891,1348456,1350168,1352357,1354571,1356250,1358001,1360001,1361686,1362761,1364102,1365990,1367947,1369329,1370919,1373046,1375275,1376814,1378060,1380083,1382501,1383975,1386479,1389196,1391320,1392956,1395320,1397405,1398733,1399641,1400800,1402558,1404420,1405800,1407531,1409537,1411423,1412758,1414356,1416177,1417626
33000,New Hampshire,3,Per capita personal income (dollars) 2,53036,53999,54257,55263,55005,55536,56063,56065,57039,57356,58433,58695,59798,60014,60633,60847,63832,63840,63942,64115,65445,68574,67786,68326,74497,72994,73625,74798,73644,74780,75937,77072,77681,79005,79620,80835,82151,83007,83496,84218,86085,86206,87357,88210
34000,New Jersey,1,"Personal income (millions of dollars, seasonally adjusted)",524866.2,529170.4,532890.6,534285.3,540739.0,542110.8,546527.4,551829.8,556265.4,563008.1,569212.6,576462.2,582265.3,587763.1,596017.2,601596.0,621242.3,624252.6,625937.5,629248.9,633287.8,660484.9,658642.7,660441.5,728528.5,696583.8,700407.6,704090.7,705503.8,713019.5,725539.5,735329.8,748761.4,760254.6,771997.8,779899.4,793976.2,804263.1,810225.1,817770.4,831100.6,839176.6,845555.9,853655.7
34000,New Jersey,2,"Population (midperiod, persons) 1",9065047,9073869,9086034,9098351,9107399,9116763,9130740,9146359,9158157,9169689,9183709,9196466,9204992,9214350,9226512,9238101,9245753,9254124,9266018,9277957,9285523,9279001,9271372,9271578,9265379,9265131,9271673,9279625,9284452,9293051,9311551,9336674,9359308,9382715,9410222,9438949,9464933,9492169,9512778,9524624,9533222,9542563,9550316,9553390
34000,New Jersey,3,Per capita personal income (dollars) 2,57900,58318,58649,58723,59374,59463,59856,60333,60740,61399,61981,62683,63255,63788,64598,65121,67192,67457,67552,67822,68202,71181,71040,71233,78629,75183,75543,75875,75988,76726,77918,78757,80002,81027,82038,82626,83886,84729,85172,85859,87179,87940,88537,89356
35000,New Mexico,1,"Personal income (millions of dollars, seasonally adjusted)",78538.7,79167.2,79159.3,79658.0,80052.1,80885.0,81012.1,81179.9,81730.8,81927.2,82499.6,83258.9,84774.1,85652.0,86773.6,87518.2,89733.8,90703.3,91835.8,92562.6,94414.2,103370.9,99428.1,97323.8,114048.2,105165.5,105363.4,106120.1,108668.5,111258.6,115045.0,114149.0,115952.1,117419.1,117658.9,119507.1,121915.0,123664.5,124638.3,126127.0,128173.4,130912.9,131927.4,133093.7
35000,New Mexico,2,"Population (midperiod, persons) 1",2096271,2095999,2096886,2098254,2098770,2099250,2100267,2101203,2101170,2100940,2101764,2102828,2102858,2102926,2104449,2106714,2107980,2109314,2111786,2114710,2116638,2117834,2118680,2118775,2117295,2117016,2117056,2116060,2114268,2113145,2113979,2115910,2117192,2118493,2120581,2122804,2124275,2125861,2126946,2127085,2126354,2125646,2125048,2123818
35000,New Mexico,3,Per capita personal income (dollars) 2,37466,37771,37751,37964,38142,38530,38572,38635,38898,38996,39253,39594,40314,40730,41233,41543,42569,43001,43487,43771,44606,48810,46929,45934,53865,49676,49769,50150,51398,52651,54421,53948,54767,55426,55484,56297,57391,58172,58600,59296,60278,61587,62082,62667
36000,New York,1,"Personal income (millions of dollars, seasonally adjusted)",1118656.5,1135761.4,1146983.5,1146927.7,1165397.6,1168574.8,1176568.5,1196077.8,1228098.1,1245621.0,1260519.1,1288868.7,1279906.8,1293471.1,1307483.4,1313814.7,1330011.4,1344437.7,1346612.4,1354343.2,1357035.8,1456244.3,1444315.2,1404984.4,1572025.6,1496575.6,1494363.7,1499512.3,1498586.7,1509575.7,1532442.0,1564517.8,1577766.0,1611674.4,1634493.0,1644590.4,1672637.2,1694635.3,1709364.1,1722083.6,1751842.6,1760666.4,1787488.5,1808660.5
36000,New York,2,"Population (midperiod, persons) 1",20059184,20076423,20097694,20116282,20127796,20140076,20156451,20170745,20176767,20182050,20194778,20206937,20209997,20214842,20222871,20227031,20222651,20219619,20221059,20219825,20209051,20161365,20089341,20020180,19937248,19867120,19822631,19792056,19754628,19725341,19724373,19744545,19759491,19776211,19815540,19871280,19921162,19973852,20004061,20007295,20003599,20001455,20000226,19992964
36000,New York,3,Per capita personal income (dollars) 2,55768,56572,57070,57015,57900,58022,58372,59298,60867,61719,62418,63783,63330,63986,64654,64953,65768,66492,66595,66981,67150,72229,71895,70178,78849,75329,75387,75763,75860,76530,77693,79238,79849,81496,82485,82762,83963,84843,85451,86073,87576,88027,89373,90465
37000,North Carolina,1,"Personal income (millions of dollars, seasonally adjusted)",409428.8,412778.9,416979.3,419854.6,424489.2,425897.9,429910.3,435922.3,442264.7,447081.3,451752.1,458172.7,462962.8,469642.9,475792.3,483975.0,494319.1,499486.5,503474.7,509192.2,518867.3,559677.9,542813.2,544491.6,625106.4,588900.3,597328.4,607187.7,621163.8,624996.4,636536.8,649009.1,663993.2,670950.7,681198.2,692539.6,708169.8,719396.4,732098.0,740314.0,753623.0,761761.9,771454.8,781890.8
37000,North Carolina,2,"Population (midperiod, persons) 1",9932074,9951696,9977609,10006736,10032409,10058640,10086702,10113629,10136672,10159649,10186671,10213879,10236688,10260746,10287332,10313089,10334657,10357260,10383420,10409766,10431051,10444880,10466142,10496355,10519390,10549138,10584485,10619461,10650731,10686657,10727735,10770297,10809910,10850537,10895515,10941558,10984435,11029089,11071634,11109585,11143758,11179117,11214245,11245256
37000,North Carolina,3,Per capita personal income (dollars) 2,41223,41478,41792,41957,42312,42341,42621,43102,43630,44006,44347,44858,45226,45771,46250,46928,47831,48226,48488,48915,49743,53584,51864,51874,59424,55824,56434,57177,58321,58484,59336,60259,61424,61836,62521,63294,64470,65227,66124,66637,67627,68142,68792,69531
38000,North Dakota,1,"Personal income (millions of dollars, seasonally adjusted)",41152.9,40344.6,40058.4,40076.7,39053.9,39023.4,39445.5,39405.3,39407.9,39835.1,39640.3,40091.5,41298.2,42115.8,42874.5,43975.1,43693.2,43395.3,44383.7,44516.6,45283.1,48864.9,46776.4,47565.6,52209.4,51587.3,51339.9,50736.9,53766.7,55260.8,56386.9,56438.8,56232.5,56460.0,56507.7,56609.6,56803.1,57072.1,57014.1,57724.2,59608.0,60257.2,60526.5,59918.0
38000,North Dakota,2,"Population (midperiod, persons) 1",756060,760513,763159,763737,764046,764477,765130,765777,766112,766490,767486,768779,769729,770851,772227,773608,774671,775867,777087,778099,778757,779316,779502,779166,778314,778033,778366,778899,779153,779800,781125,782931,784481,786166,787925,789558,790971,792548,794204,795777,797094,798552,800008,801209
38000,North Dakota,3,Per capita personal income (dollars) 2,54431,53049,52490,52475,51115,51046,51554,51458,51439,51971,51650,52150,53653,54635,55521,56844,56402,55931,57115,57212,58148,62702,60008,61047,67080,66305,65959,65139,69007,70865,72187,72087,71681,71817,71717,71698,71814,72011,71788,72538,74782,75458,75657,74785
39000,Ohio,1,"Personal income (millions of dollars, seasonally adjusted)",505183.0,510047.8,513028.7,517099.7,517216.2,519654.8,522022.3,527596.9,534781.8,538378.7,543197.0,548800.3,553774.5,558909.5,565759.4,571648.5,576869.1,579841.3,583632.6,588856.8,593092.7,647831.0,628141.2,625235.1,713272.7,663641.5,661618.9,668340.1,673035.2,680267.9,690626.3,699639.2,715414.2,725804.5,735090.9,743743.1,753899.6,764795.4,769179.1,776309.0,789478.4,802043.9,802925.4,808748.8
39000,Ohio,2,"Population (midperiod, persons) 1",11666779,11671162,11679742,11688454,11692918,11698349,11708621,11719794,11726178,11732909,11742906,11751310,11754322,11759255,11768052,11776443,11779905,11784886,11792577,11799013,11799560,11797929,11795553,11787518,11771345,11763654,11763589,11764199,11760520,11762637,11771658,11783535,11792014,11802173,11816148,11830169,11840662,11853492,11867030,11878501,11885767,11894717,11904742,11911305
39000,Ohio,3,Per capita personal income (dollars) 2,43301,43702,43925,44240,44233,44421,44584,45018,45606,45886,46257,46701,47112,47529,48076,48542,48971,49202,49492,49907,50264,54911,53252,53042,60594,56415,56243,56811,57228,57833,58669,59374,60669,61498,62211,62868,63670,64521,64816,65354,66422,67429,67446,67898
40000,Oklahoma,1,"Personal income (millions of dollars, seasonally adjusted)",174549.3,172472.9,172732.9,171150.1,164868.7,164319.7,164471.0,165176.8,168430.2,171342.2,172986.1,175223.3,177962.6,179531.9,181886.9,183914.5,189878.3,189121.5,190163.7,190823.6,191561.0,207521.5,197925.2,195929.7,225186.4,212549.4,214032.1,219840.6,225459.6,230942.1,237124.2,239203.5,244332.0,245417.8,248167.5,251284.7,255962.1,260045.3,262133.9,265499.5,271065.5,275244.9,275749.9,277371.8
40000,Oklahoma,2,"Population (midperiod, persons) 1",3890529,3897190,3903416,3907911,3911060,3914545,3917734,3919449,3919563,3919678,3921912,3924681,3925659,3927164,3930905,3935434,3938313,3941639,3947007,3953112,3957323,3961967,3969268,3976614,3981327,3988595,3997394,4005525,4012296,4020728,4030461,4040219,4048877,4057856,4067518,4076664,4084662,4093241,4101446,4108370,4113910,4119877,4126152,4131286
40000,Oklahoma,3,Per capita personal income (dollars) 2,44865,44256,44252,43796,42154,41977,41981,42143,42972,43713,44108,44647,45333,45715,46271,46733,48213,47980,48179,48272,48407,52378,49864,49270,56561,53289,53543,54884,56192,57438,58833,59206,60346,60480,61012,61640,62664,63530,63913,64624,65890,66809,66830,67139
41000,Oregon,1,"Personal income (millions of dollars, seasonally adjusted)",174449.7,176129.3,179158.5,180174.7,184082.8,184992.6,186407.1,188937.4,192628.1,196418.8,198332.8,201669.7,205765.4,208485.2,211839.7,214089.3,216879.6,218667.3,220366.2,224204.6,229115.4,247081.0,240856.0,244749.1,277303.8,261598.6,262932.1,264344.0,266985.9,268664.9,271407.3,274653.4,282496.8,285219.4,289798.3,290405.2,296651.5,301401.7,304025.0,308250.9,308879.6,313342.3,317256.0,319996.9
41000,Oregon,2,"Population (midperiod, persons) 1",3999179,4011737,4028403,4047717,4065486,4083642,4100584,4114945,4127524,4140222,4152346,4162192,4170073,4178624,4188130,4197023,4204082,4211681,4220268,4228341,4234333,4240074,4245597,4248911,4249213,4252445,4254223,4251976,4248153,4246361,4247032,4248566,4248773,4249547,4252804,4257062,4259817,4263284,4266960,4269713,4270737,4272291,4274013,4274225
41000,Oregon,3,Per capita personal income (dollars) 2,43621,43904,44474,44513,45279,45301,45459,45915,46669,47442,47764,48453,49343,49893,50581,51010,51588,51919,52216,53024,54109,58273,56731,57603,65260,61517,61805,62170,62848,63269,63905,64646,66489,67118,68143,68217,69640,70697,71251,72195,72325,73343,74229,74867
42000,Pennsylvania,1,"Personal income (millions of dollars, seasonally adjusted)",628355.4,633016.4,638373.2,643527.0,646163.3,649418.8,657085.6,660647.7,660409.6,665945.6,675732.4,684723.3,694479.5,701765.0,713009.3,718919.8,723228.8,727765.4,729909.7,736414.2,742027.8,812127.6,802543.9,776858.8,867410.8,821501.1,820267.3,823234.6,826768.0,839041.3,853156.2,861186.1,871781.9,881580.7,889181.5,901255.8,908576.5,919776.7,931369.3,937796.0,952758.4,964231.1,975811.8,984848.7
42000,Pennsylvania,2,"Population (midperiod, persons) 1",12894530,12896622,12903592,12910573,12912619,12915680,12924253,12933730,12937571,12941704,12952321,12963678,12968704,12975810,12984453,12989539,12988803,12989602,12995981,13003089,13003250,12998010,13000306,13007098,13004556,13011348,13014689,13006491,12993224,12986479,12989349,12996748,13000124,13005409,13015545,13025984,13032032,13040620,13049298,13054605,13054860,13056855,13060893,13061570
42000,Pennsylvania,3,Per capita personal income (dollars) 2,48730,49084,49473,49845,50041,50281,50841,51079,51046,51457,52171,52819,53550,54083,54913,55346,55681,56027,56164,56634,57065,62481,61733,59726,66701,63137,63026,63294,63631,64609,65681,66262,67060,67786,68317,69189,69719,70532,71373,71836,72981,73849,74712,75400
44000,Rhode Island,1,"Personal income (millions of dollars, seasonally adjusted)",51201.5,51747.7,51930.8,52220.7,51978.3,52293.2,52891.9,52894.4,53604.0,54178.6,55444.0,55590.4,56365.0,56585.9,56951.6,57773.2,60042.7,60273.8,60208.2,60823.2,61834.8,67716.6,65924.7,64511.0,71967.7,68630.4,68027.3,68356.8,69225.4,71001.8,71386.3,71907.1,73442.9,74283.1,75362.3,76023.1,77462.7,78227.5,78889.1,79635.7,80887.6,81944.1,83137.7,83891.4
44000,Rhode Island,2,"Population (midperiod, persons) 1",1076102,1076973,1078313,1079680,1080673,1081761,1082922,1083803,1084247,1084715,1086118,1087974,1089376,1090915,1092347,1093218,1093640,1094176,1095239,1096443,1097085,1096847,1096783,1097142,1096698,1097039,1097646,1097838,1097603,1097939,1098762,1099564,1100056,1100718,1102478,1104887,1106938,1109193,1111064,1112257,1113026,1113919,1114760,1115081
44000,Rhode Island,3,Per capita personal income (dollars) 2,47581,48049,48159,48367,48098,48341,48842,48804,49439,49947,51048,51095,51741,51870,52137,52847,54902,55086,54973,55473,56363,61738,60107,58799,65622,62560,61976,62265,63070,64668,64970,65396,66763,67486,68357,68806,69979,70526,71003,71598,72674,73564,74579,75234
45000,South Carolina,1,"Personal income (millions of dollars, seasonally adjusted)",188487.5,190803.3,193440.7,195487.2,196838.2,198668.8,200874.2,203728.6,207175.1,209590.0,211272.4,213512.7,215643.1,218167.0,221184.2,224774.1,231175.1,233023.7,235143.9,237839.0,238012.8,262815.8,249480.7,250692.7,289788.6,270722.4,272269.0,276510.2,279846.8,284975.5,290658.9,298569.3,305458.8,307735.3,313509.1,318239.0,325970.7,331338.4,334676.9,339944.8,346310.7,351242.9,353570.2,356580.0
45000,South Carolina,2,"Population (midperiod, persons) 1",4828453,4842610,4858113,4873522,4887186,4901006,4916073,4930921,4943860,4956684,4971520,4986490,4999196,5012459,5027538,5042826,5055964,5069541,5084719,5099779,5112213,5124673,5140585,5156931,5169589,5185582,5206950,5230604,5252289,5276319,5302329,5328384,5352871,5377811,5403867,5429306,5453047,5477682,5501032,5521835,5540643,5559994,5580074,5598749
45000,South Carolina,3,Per capita personal income (dollars) 2,39037,39401,39818,40112,40276,40536,40861,41317,41906,42284,42497,42818,43136,43525,43995,44573,45723,45965,46245,46637,46558,51284,48532,48613,56056,52207,52290,52864,53281,54010,54817,56034,57064,57223,58016,58615,59778,60489,60839,61564,62504,63173,63363,63689
46000,South Dakota,1,"Personal income (millions of dollars, seasonally adjusted)",40545.6,40868.5,41314.2,41912.0,41141.8,41299.0,41837.7,41927.5,42737.1,42965.9,43008.2,43246.0,44343.1,44483.9,44954.1,46794.8,47272.2,47222.1,48519.9,49041.1,49623.3,54281.5,52614.7,55115.7,60671.1,59746.3,60289.4,60177.1,62278.1,63110.5,64017.2,64413.1,67525.7,67879.5,68325.1,68657.8,69154.9,69815.0,70070.3,70944.9,72707.3,74329.7,74967.3,74595.6
46000,South Dakota,2,"Population (midperiod, persons) 1",850465,851463,853202,855466,857422,859446,861893,864437,866623,868848,870857,872315,873353,874554,876280,878232,879815,881526,883340,884956,886156,887165,888984,891175,892810,895066,898029,901226,904099,907405,910308,912539,914513,916599,918974,921385,923556,925889,928202,930301,932083,934021,936003,937709
46000,South Dakota,3,Per capita personal income (dollars) 2,47675,47998,48423,48993,47983,48053,48542,48503,49315,49452,49386,49576,50773,50865,51301,53283,53730,53569,54928,55416,55998,61185,59185,61846,67955,66751,67135,66772,68884,69551,70325,70587,73838,74056,74349,74516,74879,75403,75490,76260,78005,79580,80093,79551
47000,Tennessee,1,"Personal income (millions of dollars, seasonally adjusted)",273164.3,276456.1,278881.5,280922.5,283415.6,284237.8,287721.1,290754.6,295254.1,297495.6,299850.9,304630.1,310167.3,313210.6,318951.9,322376.3,331425.5,334415.8,336965.4,339600.1,348839.3,368360.7,361345.8,361832.8,418129.9,392002.0,395617.7,402349.0,408479.9,412579.8,420248.0,428389.7,443923.4,450062.2,456970.0,464107.1,471568.2,479929.8,483105.4,488081.6,497207.9,501418.0,509511.4,514655.8
47000,Tennessee,2,"Population (midperiod, persons) 1",6594339,6606783,6621991,6637836,6651350,6665382,6682429,6700459,6715850,6731360,6749377,6767279,6782210,6798215,6814848,6829881,6842151,6855281,6872042,6890195,6905059,6919415,6933473,6943966,6949808,6960424,6979686,7003658,7025246,7050162,7075227,7098282,7119384,7141358,7165968,7191070,7214204,7238649,7260050,7276868,7291256,7306620,7322082,7335069
47000,Tennessee,3,Per capita personal income (dollars) 2,41424,41844,42114,42321,42610,42644,43056,43393,43964,44195,44426,45015,45732,46072,46802,47201,48439,48782,49034,49287,50519,53236,52116,52108,60164,56319,56681,57448,58145,58521,59397,60351,62354,63022,63769,64539,65367,66301,66543,67073,68192,68625,69586,70164
48000,Texas,1,"Personal income (millions of dollars, seasonally adjusted)",1285232.6,1279785.2,1282380.6,1277282.2,1262423.3,1265145.6,1279380.3,1298373.1,1332393.6,1355880.0,1377510.1,1405520.4,1429974.3,1450969.9,1476734.5,1497480.6,1518023.0,1530281.6,1543111.2,1557407.0,1546104.3,1645591.7,1615242.7,1604911.6,1830304.5,1742370.1,1763111.3,1808457.7,1853772.8,1900510.3,1949377.4,1977358.0,2039963.8,2056976.3,2084318.2,2115642.6,2146529.2,2175331.1,2197198.5,2220274.3,2256770.5,2291059.5,2304664.6,2326091.8
48000,Texas,2,"Population (midperiod, persons) 1",27215532,27333261,27452406,27564883,27667868,27771534,27875474,27972115,28058187,28142941,28232966,28318293,28392184,28467797,28555760,28647629,28728808,28812002,28909432,29012207,29103875,29191541,29283675,29371561,29440331,29525410,29644034,29780658,29908520,30046168,30196422,30350079,30496254,30643135,30797155,30950356,31095441,31243231,31371147,31473447,31566077,31660082,31744912,31812500
48000,Texas,3,Per capita personal income (dollars) 2,47224,46822,46713,46337,45628,45555,45896,46417,47487,48178,48791,49633,50365,50969,51714,52272,52840,53113,53377,53681,53124,56372,55158,54642,62170,59013,59476,60726,61981,63253,64557,65152,66892,67127,67679,68356,69030,69626,70039,70544,71494,72364,72599,73119
49000,Utah,1,"Personal income (millions of dollars, seasonally adjusted)",117219.2,119039.6,120463.3,121923.8,124311.8,125444.9,127122.2,129283.4,131269.9,133324.7,135643.4,137948.9,141396.2,143494.2,145716.9,147974.7,153499.6,154167.3,156592.1,158586.8,160921.0,174491.2,169678.9,174875.1,199222.8,189190.0,192874.0,197909.5,200291.1,203462.7,208157.4,212311.7,216652.4,220669.2,224100.0,227529.7,231987.2,235546.2,236754.1,239342.1,244262.4,247150.5,248587.2,250765.7
49000,Utah,2,"Population (midperiod, persons) 1",2982525,2994269,3008739,3025002,3040323,3056086,3072453,3088573,3103568,3118751,3133926,3148044,3160995,3174514,3188332,3201564,3213760,3226397,3239811,3253189,3265428,3277521,3291238,3305470,3317761,3332245,3347021,3360454,3372952,3386799,3401116,3415255,3428594,3442199,3456213,3469896,3482741,3496149,3507791,3517123,3525454,3534214,3542855,3550374
49000,Utah,3,Per capita personal income (dollars) 2,39302,39756,40038,40305,40888,41048,41375,41859,42296,42749,43282,43821,44732,45202,45703,46220,47763,47783,48334,48748,49280,53239,51555,52905,60047,56776,57626,58894,59382,60075,61203,62166,63190,64107,64840,65572,66611,67373,67494,68051,69285,69931,70166,70631
50000,Vermont,1,"Personal income (millions of dollars, seasonally adjusted)",30242.5,30533.9,30731.4,30884.1,30981.4,30959.1,31151.8,31200.8,31612.1,31779.2,32099.6,32349.8,32606.7,32968.5,33268.9,33624.2,34725.7,34710.0,34912.4,35003.7,35850.8,39531.2,37214.2,36975.0,41597.1,38793.2,38818.5,39002.3,40261.5,40910.3,41630.3,42544.1,43322.3,43934.8,44154.2,44823.2,45470.6,46076.9,46447.6,46922.1,47575.4,48040.1,48203.0,48498.1
50000,Vermont,2,"Population (midperiod, persons) 1",635224,635629,636043,636248,636245,636296,636820,637599,638129,638704,639388,639872,640086,640431,640919,641319,641455,641656,642175,642734,642980,642993,643599,644731,645437,646580,647390,647447,647285,647449,647705,647770,647672,647647,647657,647391,646947,646622,646354,645977,645362,644826,644451,643940
50000,Vermont,3,Per capita personal income (dollars) 2,47609,48037,48317,48541,48694,48655,48918,48935,49539,49756,50204,50557,50941,51479,51908,52430,54136,54094,54366,54461,55757,61480,57822,57350,64448,59998,59961,60240,62201,63187,64274,65678,66889,67838,68175,69237,70285,71258,71861,72637,73719,74501,74797,75315
51000,Virginia,1,"Personal income (millions of dollars, seasonally adjusted)",426848.7,432302.1,435748.3,437453.9,439186.0,441940.8,446087.4,451551.4,456197.7,460246.7,464327.8,468716.6,472468.6,476516.2,482193.6,487888.0,495622.5,499955.1,504004.1,507501.5,511669.3,543176.6,532340.9,535899.5,599325.6,570886.2,575511.8,582588.0,588028.7,595292.7,611689.7,621146.8,629172.5,641625.7,649938.2,660887.2,669666.6,678421.4,684566.9,693553.8,702338.9,711103.1,717245.2,721283.2
51000,Virginia,2,"Population (midperiod, persons) 1",8370743,8383387,8398392,8413257,8425391,8438086,8453654,8469701,8482582,8495465,8509778,8522335,8531356,8541426,8554795,8568759,8579354,8590840,8604583,8617800,8626994,8633621,8641332,8648086,8649015,8655512,8663773,8668909,8671118,8677091,8688332,8701850,8713072,8725161,8743861,8766514,8786690,8808310,8828234,8844500,8857809,8872057,8886089,8896826
51000,Virginia,3,Per capita personal income (dollars) 2,50993,51567,51885,51996,52126,52375,52769,53314,53781,54176,54564,54999,55380,55789,56365,56938,57769,58196,58574,58890,59310,62914,61604,61967,69294,65956,66427,67204,67815,68605,70404,71381,72210,73537,74331,75388,76214,77021,77543,78416,79290,80151,80716,81072
53000,Washington,1,"Personal income (millions of dollars, seasonally adjusted)",370309.2,374878.2,378918.9,381337.0,389748.1,393500.5,398568.2,407265.7,413637.0,419557.6,425653.5,433220.8,442205.1,446587.8,455437.2,462206.7,477612.6,481941.6,485897.3,492712.2,502182.4,537505.1,527433.9,524327.3,586022.2,565988.5,565867.3,572701.8,580721.0,585293.8,597753.7,607163.3,622988.7,632524.0,641375.0,651629.7,661999.9,676956.2,680649.4,692132.8,702485.2,709978.2,721564.2,727024.6
53000,Washington,2,"Population (midperiod, persons) 1",7140357,7167245,7199308,7234133,7266496,7299516,7334209,7368347,7399493,7430781,7461217,7487913,7511374,7535902,7561299,7585007,7605701,7627291,7651604,7676094,7697153,7716527,7730063,7735335,7735421,7740606,7750613,7761054,7768975,7780326,7794089,7807694,7819216,7831656,7850609,7873644,7894414,7916455,7938021,7957334,7973949,7991431,8007523,8019608
53000,Washington,3,Per capita personal income (dollars) 2,51861,52304,52633,52714,53636,53908,54344,55272,55901,56462,57049,57856,58871,59261,60233,60937,62797,63186,63503,64188,65243,69656,68232,67783,75758,73119,73009,73792,74749,75227,76693,77765,79674,80765,81697,82761,83857,85513,85745,86980,88098,88842,90111,90656
54000,West Virginia,1,"Personal income (millions of dollars, seasonally adjusted)",68105.3,68732.2,68592.6,68321.1,68003.8,68023.0,67940.1,68304.5,70207.0,70293.8,71023.8,71665.9,72618.8,73610.9,75111.0,75599.3,76721.8,76923.6,76880.4,76374.3,76536.4,86339.9,79894.7,78990.1,92955.6,84834.2,85155.3,86345.1,87516.3,88182.2,89634.3,90627.5,92117.3,93497.4,94062.1,95407.1,97031.9,97815.1,97894.2,99141.5,100713.0,102275.5,102698.6,103575.4
54000,West Virginia,2,"Population (midperiod, persons) 1",1849003,1847039,1845238,1842949,1839923,1837120,1834574,1831648,1827892,1824280,1821509,1818776,1815176,1811953,1809595,1807380,1804357,1801603,1799659,1797902,1795159,1792571,1791199,1789919,1787385,1786241,1784717,1781658,1777932,1775158,1773708,1772856,1771468,1770382,1769896,1769381,1768280,1767596,1767454,1767373,1766596,1766147,1766158,1765847
54000,West Virginia,3,Per capita personal income (dollars) 2,36834,37212,37173,37072,36960,37027,37033,37291,38409,38532,38992,39403,40006,40625,41507,41828,42520,42697,42719,42480,42635,48165,44604,44131,52006,47493,47714,48463,49224,49676,50535,51119,52001,52812,53146,53921,54874,55338,55387,56095,57010,57909,58148,58655
55000,Wisconsin,1,"Personal income (millions of dollars, seasonally adjusted)",263518.1,265468.3,267116.7,268425.1,268871.4,269464.1,272088.9,272962.1,277285.1,279805.9,284266.1,286561.1,292445.3,293607.8,297432.1,300502.0,304535.6,307447.1,308057.2,311750.1,314207.9,338007.6,325640.5,331337.3,370352.3,350663.9,351910.0,355095.5,358079.9,361769.9,368854.1,371496.4,377754.2,382340.4,386719.0,392065.4,397778.1,402243.5,405914.7,409616.7,415392.3,420011.5,424168.0,426420.5
55000,Wisconsin,2,"Population (midperiod, persons) 1",5789333,5792344,5797588,5802969,5806252,5810167,5816666,5823737,5828435,5833413,5840424,5846969,5850825,5855795,5862493,5868757,5872553,5877231,5883611,5889623,5892774,5895342,5896311,5893099,5885776,5882804,5885670,5890825,5893817,5899803,5907470,5914720,5920156,5926554,5934346,5941589,5946883,5953450,5959849,5964532,5966961,5970342,5974683,5977495
55000,Wisconsin,3,Per capita personal income (dollars) 2,45518,45831,46074,46257,46307,46378,46777,46871,47575,47966,48672,49010,49984,50140,50735,51204,51857,52312,52359,52932,53321,57335,55228,56225,62923,59608,59791,60279,60755,61319,62439,62809,63808,64513,65166,65987,66889,67565,68108,68675,69615,70350,70994,71338
56000,Wyoming,1,"Personal income (millions of dollars, seasonally adjusted)",33121.6,32827.5,32768.2,32304.9,31364.9,30970.0,30913.3,31112.4,31784.8,32401.9,32660.6,33102.3,33267.4,33764.5,34316.3,34752.6,35169.8,35353.0,35790.3,36029.1,36997.8,38695.2,37134.9,37583.7,42076.0,40556.3,40970.1,42079.4,43759.9,44596.8,45703.3,46977.1,47685.1,48350.6,48780.6,49515.7,50000.2,50669.6,51098.4,51493.4,52224.3,52938.8,52962.5,53368.3
56000,Wyoming,2,"Population (midperiod, persons) 1",582725,583318,583542,583195,582662,582184,581374,580037,578464,576922,576129,575879,575349,574920,574941,575162,575167,575232,575673,576298,576663,577235,577996,578542,578706,579295,580002,580506,580807,581402,582164,582959,583569,584268,584985,585550,585924,586438,587041,587639,588005,588450,589015,589456
56000,Wyoming,3,Per capita personal income (dollars) 2,56839,56277,56154,55393,53830,53196,53173,53639,54947,56163,56690,57481,57821,58729,59687,60422,61147,61459,62171,62518,64158,67036,64248,64963,72707,70010,70638,72487,75343,76706,78506,80584,81713,82754,83388,84563,85336,86402,87044,87628,88816,89963,89917,90538
91000,New England,1,"Personal income (millions of dollars, seasonally adjusted)",860623.0,871653.2,877189.8,887500.4,890183.8,896767.0,905437.1,909214.7,919746.7,929987.1,942633.4,952814.3,967061.3,975277.7,987560.2,995659.1,1022062.9,1024447.7,1025534.0,1032758.8,1039837.0,1117292.6,1093271.9,1096569.6,1203779.6,1165600.0,1168848.7,1174936.4,1183412.4,1195842.8,1217821.0,1251534.8,1260725.9,1280361.3,1292600.9,1310060.4,1337613.0,1352113.2,1362159.7,1373008.5,1395294.5,1411212.8,1424347.6,1436884.8
91000,New England,2,"Population (midperiod, persons) 1",14853770,14864486,14880531,14896677,14907550,14919795,14938221,14957892,14971526,14985621,15004511,15021784,15032398,15045396,15060460,15072034,15077317,15084424,15097177,15110276,15116567,15083709,15058508,15077255,15085479,15104367,15125951,15141065,15150667,15167843,15191096,15214554,15233588,15254916,15283968,15315261,15341650,15371006,15394391,15407835,15415535,15425211,15434256,15436755
91000,New England,3,Per capita personal income (dollars) 2,57940,58640,58949,59577,59714,60106,60612,60785,61433,62059,62823,63429,64332,64822,65573,66060,67788,67914,67929,68348,68788,74073,72602,72730,79797,77170,77274,77599,78110,78841,80167,82259,82760,83931,84572,85540,87188,87965,88484,89111,90512,91487,92285,93082
92000,Mideast,1,"Personal income (millions of dollars, seasonally adjusted)",2694418.0,2724177.2,2747007.3,2756508.1,2787948.5,2800223.3,2824227.8,2857998.0,2896276.2,2930241.0,2965730.7,3015877.4,3024897.8,3055951.3,3095170.1,3115981.6,3160745.4,3186837.0,3193962.8,3214790.1,3228315.9,3458716.2,3429592.1,3359169.7,3743293.6,3558551.8,3560415.4,3576888.4,3589333.0,3627937.5,3688886.1,3746271.1,3794987.1,3859717.1,3910184.9,3946266.2,4011580.8,4061505.2,4099630.1,4134108.1,4198452.4,4232167.5,4279868.1,4320899.4
92000,Mideast,2,"Population (midperiod, persons) 1",49657683,49699495,49754413,49805277,49838267,49873593,49925815,49978988,50011480,50042927,50092788,50140633,50165435,50195601,50235405,50266860,50276767,50290926,50321669,50350918,50355420,50288923,50204588,50145945,50052536,49991832,49964157,49940099,49898411,49878342,49909790,49974427,50025347,50081205,50172966,50284658,50381118,50485189,50557913,50587471,50599163,50615456,50632917,50633324
92000,Mideast,3,Per capita personal income (dollars) 2,54260,54813,55211,55346,55940,56146,56568,57184,57912,58555,59205,60148,60298,60881,61613,61989,62867,63368,63471,63848,64111,68777,68312,66988,74787,71183,71259,71624,71933,72736,73911,74964,75861,77069,77934,78479,79625,80449,81088,81722,82975,83614,84527,85337
93000,Great Lakes,1,"Personal income (millions of dollars, seasonally adjusted)",2116377.5,2137143.7,2152831.1,2166538.5,2169251.2,2177265.6,2188619.1,2208817.5,2231001.5,2249302.6,2270663.2,2296180.8,2336247.0,2356296.2,2379884.7,2401738.3,2424287.7,2438987.8,2454775.5,2474401.7,2497600.6,2720014.1,2642418.9,2630458.0,2976330.6,2798583.8,2798605.3,2815606.3,2842925.0,2868132.5,2914166.5,2952505.2,3004947.1,3046932.5,3079275.5,3114713.6,3161169.7,3200226.2,3215439.5,3249774.2,3296978.9,3342811.9,3362394.0,3389170.1
93000,Great Lakes,2,"Population (midperiod, persons) 1",47030720,47039311,47066079,47095009,47107161,47123030,47155433,47189016,47203625,47219232,47249911,47276443,47281691,47294248,47319438,47340501,47341981,47349361,47370219,47388470,47383980,47363529,47341630,47309309,47244530,47212755,47205130,47194151,47166304,47160941,47187548,47229854,47258533,47293525,47350642,47414829,47464556,47523187,47578562,47619308,47643049,47673182,47705180,47721128
93000,Great Lakes,3,Per capita personal income (dollars) 2,45000,45433,45741,46004,46049,46204,46413,46808,47263,47635,48056,48569,49411,49822,50294,50733,51208,51510,51821,52215,52710,57428,55816,55601,62998,59276,59286,59660,60274,60816,61757,62514,63585,64426,65031,65691,66601,67340,67582,68245,69202,70119,70483,71020
94000,Plains,1,"Personal income (millions of dollars, seasonally adjusted)",990144.1,993924.4,1000678.4,1004446.3,1002966.0,1005551.9,1014620.5,1020268.9,1032395.0,1038424.1,1043280.1,1059113.3,1071523.0,1086787.4,1098086.3,1117684.1,1121221.4,1125054.8,1141624.1,1150417.1,1158921.8,1259738.5,1211338.1,1225709.5,1376787.1,1323116.4,1319843.5,1321255.8,1355599.8,1373477.2,1402935.8,1416479.7,1438481.7,1456265.9,1469193.1,1482544.8,1501781.7,1517614.4,1528660.3,1545726.0,1571488.2,1594758.7,1609580.8,1613123.6
94000,Plains,2,"Population (midperiod, persons) 1",21125574,21151108,21182625,21212657,21234954,21259471,21290755,21321650,21343610,21366624,21396051,21423118,21440308,21461371,21488444,21513810,21530218,21549705,21574716,21598074,21611135,21620050,21633439,21645102,21641950,21654417,21672394,21683222,21686020,21699616,21724484,21753438,21775793,21801403,21836935,21875342,21907074,21943186,21978563,22007887,22029217,22054023,22080593,22100469
94000,Plains,3,Per capita personal income (dollars) 2,46869,46992,47241,47351,47232,47299,47655,47851,48370,48600,48760,49438,49977,50639,51101,51952,52077,52207,52915,53265,53626,58267,55994,56628,63617,61101,60900,60934,62510,63295,64579,65115,66059,66797,67280,67772,68552,69161,69552,70235,71337,72311,72896,72990
95000,Southeast,1,"Personal income (millions of dollars, seasonally adjusted)",3444972.9,3482851.1,3512709.2,3535324.2,3552505.4,3573653.6,3610935.9,3655194.1,3720788.1,3764622.6,3804163.9,3856386.6,3902687.6,3947553.7,4005039.3,4057226.3,4138472.3,4173781.3,4204326.8,4243571.3,4297116.0,4644935.5,4503200.0,4483052.3,5158828.7,4858386.3,4901003.4,4972365.2,5031950.8,5119820.2,5235590.4,5333355.5,5455502.3,5537276.2,5605453.1,5694330.4,5805185.3,5882461.8,5946240.4,6017611.5,6118909.9,6187830.2,6242803.4,6293335.8
95000,Southeast,2,"Population (midperiod, persons) 1",81697862,81876563,82092670,82319973,82517333,82718372,82934546,83140531,83312898,83483924,83675322,83853884,83994299,84144338,84318525,84488036,84621565,84763030,84936257,85112050,85245705,85363028,85508710,85654084,85739326,85880307,86111284,86381446,86620134,86896462,87198232,87493617,87763955,88042182,88333309,88609756,88859254,89122252,89361026,89554965,89716688,89887121,90055287,90188979
95000,Southeast,3,Per capita personal income (dollars) 2,42167,42538,42790,42946,43052,43203,43540,43964,44660,45094,45463,45989,46464,46914,47499,48021,48906,49241,49500,49859,50409,54414,52664,52339,60169,56572,56915,57563,58092,58919,60042,60957,62161,62893,63458,64263,65330,66004,66542,67195,68203,68840,69322,69779
96000,Southwest,1,"Personal income (millions of dollars, seasonally adjusted)",1802000.9,1798260.1,1802200.9,1799543.2,1781850.0,1788499.6,1806725.7,1828999.4,1873435.1,1903752.4,1932990.7,1967570.0,2002025.3,2028752.4,2063186.2,2091045.1,2128292.2,2145188.2,2164601.3,2184592.6,2181678.3,2344844.8,2295444.3,2274486.8,2598800.7,2465458.1,2493318.0,2552544.8,2611920.6,2673624.5,2741901.4,2778297.5,2861944.5,2889966.6,2924572.7,2964317.1,3015214.3,3055550.5,3084190.2,3119978.2,3167742.0,3215956.3,3235473.1,3265250.8
96000,Southwest,2,"Population (midperiod, persons) 1",39881109,40022686,40170389,40311988,40439211,40567575,40697856,40818636,40923210,41025958,41141746,41255472,41351637,41450584,41569572,41695610,41805137,41917604,42051216,42192714,42317787,42443158,42570462,42688702,42778397,42892728,43045616,43213589,43367881,43537080,43722204,43909009,44084270,44261011,44451414,44643179,44822319,45005612,45165566,45293239,45405904,45520787,45626236,45709291
96000,Southwest,3,Per capita personal income (dollars) 2,45184,44931,44864,44640,44062,44087,44394,44808,45779,46404,46984,47692,48415,48944,49632,50150,50910,51176,51475,51777,51555,55247,53921,53281,60750,57480,57923,59068,60227,61410,62712,63274,64920,65294,65793,66400,67270,67893,68286,68884,69765,70648,70913,71435
97000,Rocky Mountain,1,"Personal income (millions of dollars, seasonally adjusted)",535627.0,540472.2,543442.1,545501.3,546016.3,549461.0,556095.1,563974.6,575207.7,585283.6,593740.9,605275.2,617886.9,627732.2,638860.1,650180.9,669510.9,674238.0,683884.9,688938.4,703406.7,749392.8,732385.7,743795.9,840746.2,804951.8,818770.4,838993.0,857357.0,868428.5,896346.1,900065.6,917746.1,929884.6,940446.3,953876.0,966774.4,981997.8,989533.3,1001733.1,1018035.4,1030398.0,1038285.0,1045921.2
97000,Rocky Mountain,2,"Population (midperiod, persons) 1",11656716,11700466,11749313,11799382,11845444,11892734,11941531,11988222,12030201,12072673,12118835,12164172,12204474,12246745,12290621,12332117,12369015,12407484,12449650,12491765,12528709,12565082,12606455,12647734,12680898,12722599,12765263,12802000,12834727,12873134,12913898,12953463,12989621,13027237,13069601,13113018,13152779,13194844,13230262,13256378,13278160,13301549,13325211,13344744
97000,Rocky Mountain,3,Per capita personal income (dollars) 2,45950,46192,46253,46231,46095,46201,46568,47044,47814,48480,48993,49759,50628,51257,51979,52723,54128,54341,54932,55151,56144,59641,58096,58809,66300,63269,64141,65536,66800,67461,69409,69485,70652,71380,71957,72743,73503,74423,74793,75566,76670,77465,77919,78377
98000,Far West *,1,"Personal income (millions of dollars, seasonally adjusted)",2832138.9,2875335.7,2905128.2,2931783.1,2972674.4,2992768.6,3032302.5,3067946.7,3108125.3,3147711.9,3187774.6,3235352.1,3270665.6,3315638.1,3365894.2,3407428.1,3476330.9,3511374.1,3534095.0,3585229.3,3645820.4,3881466.3,3921780.2,3880465.6,4312817.7,4128452.9,4152948.5,4155843.6,4160616.5,4178793.8,4244451.0,4319476.3,4374924.7,4454295.0,4502611.4,4554427.1,4667147.0,4739480.1,4788860.9,4876382.7,4946366.3,4967043.9,5070253.9,5116284.2
98000,Far West *,2,"Population (midperiod, persons) 1",55011500,55139490,55282528,55423909,55546671,55671234,55801553,55922869,56022109,56118543,56220278,56307449,56371076,56438007,56508703,56565825,56600743,56638651,56694199,56749254,56780473,56792989,56768188,56697427,56588010,56511029,56492055,56499644,56488827,56497024,56531778,56573860,56601181,56631030,56699315,56789372,56862448,56940712,57002939,57037052,57051462,57068199,57075991,57057446
98000,Far West *,3,Per capita personal income (dollars) 2,51483,52147,52551,52897,53517,53758,54341,54860,55480,56090,56702,57459,58020,58748,59564,60238,61418,61996,62336,63177,64209,68344,69084,68442,76214,73056,73514,73555,73654,73965,75081,76351,77294,78655,79412,80199,82078,83235,84011,85495,86700,87037,88833,89669

Legend/Footnotes
1. Midquarter population estimates by state are derived by BEA based on unpublished U.S. Census Bureau estimates of beginning-of-month population.
2. Per capita personal income is total personal income divided by total quarterly population estimates.
* Estimates prior to 1950 are not available for Alaska and Hawaii.
"Note. Millions of dollars, seasonally adjusted at annual rates. All dollar estimates are in current dollars (not adjusted for inflation). Calculations are performed on unrounded data."
"  Last updated: April 9, 2026-- new statistics for 2025:Q4; revised statistics for 2020:Q1-2025:Q3."
