observation_date,Alaska,Alabama,Arkansas,Arizona,California,Colorado,Connecticut,District of Columbia,Delaware,Florida,Georgia,Hawaii,Iowa,Idaho,Illinois,Indiana,Kansas,Kentucky,Louisiana,Massachusetts,Maryland,Maine,Michigan,Minnesota,Missouri,Mississippi,Montana,North Carolina,North Dakota,Nebraska,New Hampshire,New Jersey,New Mexico,Nevada,New York,Ohio,Oklahoma,Oregon,Pennsylvania,Rhode Island,South Carolina,South Dakota,Tennessee,Texas,Utah,Virginia,Vermont,Washington,Wisconsin,West Virginia,Wyoming
2015-01-01,362704.0,2166864.0,1331412.0,3090768.0,18818212.0,2807587.0,1912878.0,379620.0,458015.0,9547419.0,4739013.0,680210.0,1708406.0,789286.0,6530801.0,3246591.0,1497763.0,1987156.0,2169690.0,3632559.0,3157724.0,695333.0,4764774.0,3002256.0,3046324.0,1249462.0,517396.0,4680763.0,416126.0,1013018.0,750638.0,4599138.0,940698.0,1389305.0,9705061.0,5737312.0,1813648.0,1958638.0,6444939.0,566321.0,2233242.0,449519.0,3065281.0,13005030.0,1443189.0,4237002.0,353493.0,3519204.0,3093599.0,795082.0,302001.0
2015-02-01,362522.0,2169495.0,1332284.0,3093823.0,18826972.0,2808391.0,1912990.0,379593.0,458674.0,9552483.0,4737111.0,680652.0,1707615.0,791359.0,6531408.0,3247085.0,1497519.0,1985437.0,2167248.0,3630125.0,3160431.0,694372.0,4763075.0,3005497.0,3048541.0,1252238.0,518398.0,4686531.0,415394.0,1012312.0,750753.0,4599819.0,941207.0,1390782.0,9718246.0,5731526.0,1818867.0,1959179.0,6448785.0,566771.0,2235851.0,449491.0,3067489.0,12996949.0,1446330.0,4234354.0,353453.0,3523168.0,3092455.0,794759.0,301683.0
2015-03-01,362346.0,2171897.0,1333305.0,3097355.0,18838028.0,2809713.0,1912140.0,379763.0,459436.0,9560034.0,4736589.0,681108.0,1707029.0,793573.0,6536364.0,3248870.0,1497293.0,1983941.0,2164327.0,3627911.0,3163898.0,693273.0,4763675.0,3009713.0,3050531.0,1255338.0,519291.0,4693481.0,414498.0,1012006.0,750431.0,4600965.0,941739.0,1392287.0,9730674.0,5728534.0,1823690.0,1961126.0,6454403.0,567037.0,2238395.0,449521.0,3070631.0,12994457.0,1449776.0,4232923.0,353266.0,3528031.0,3091803.0,794694.0,301424.0
2015-04-01,362180.0,2173967.0,1334305.0,3101717.0,18848322.0,2811615.0,1910119.0,380227.0,460259.0,9569380.0,4735953.0,681613.0,1706203.0,795780.0,6544294.0,3252300.0,1497182.0,1982464.0,2160724.0,3626445.0,3167278.0,692064.0,4766275.0,3014026.0,3051973.0,1257989.0,519870.0,4700619.0,413654.0,1012259.0,749781.0,4601645.0,942216.0,1393710.0,9740242.0,5727608.0,1827272.0,1964359.0,6461555.0,566925.0,2240573.0,449658.0,3074122.0,12997813.0,1453518.0,4232210.0,352923.0,3533695.0,3091466.0,794714.0,301225.0
2015-05-01,361928.0,2174501.0,1334929.0,3106411.0,18852828.0,2813611.0,1907097.0,380770.0,461075.0,9578842.0,4735356.0,682114.0,1704780.0,797796.0,6551834.0,3256839.0,1497110.0,1980575.0,2156254.0,3624724.0,3169758.0,690812.0,4769372.0,3017178.0,3052454.0,1259898.0,520065.0,4706315.0,412965.0,1012908.0,748830.0,4600754.0,942410.0,1394779.0,9744552.0,5726888.0,1828834.0,1968414.0,6468552.0,566373.0,2241910.0,449843.0,3077173.0,13004689.0,1457187.0,4231145.0,352438.0,3539458.0,3091078.0,794426.0,301027.0
2015-06-01,361540.0,2173391.0,1334831.0,3110554.0,18848420.0,2815094.0,1903378.0,381214.0,461824.0,9586944.0,4734169.0,682503.0,1702889.0,799382.0,6556268.0,3261547.0,1496942.0,1978069.0,2150797.0,3621649.0,3170663.0,689522.0,4771847.0,3018332.0,3051939.0,1260610.0,520020.0,4709361.0,412415.0,1013724.0,747698.0,4597878.0,942102.0,1395265.0,9742165.0,5724503.0,1828173.0,1972552.0,6473711.0,565447.0,2242091.0,449968.0,3078968.0,13012436.0,1460409.0,4228911.0,351857.0,3544400.0,3090401.0,793510.0,300779.0
2015-07-01,361138.0,2171593.0,1334168.0,3113926.0,18839426.0,2816411.0,1899802.0,381639.0,462553.0,9594674.0,4732561.0,682855.0,1701152.0,800658.0,6558362.0,3266590.0,1496837.0,1975923.0,2144721.0,3617532.0,3170232.0,688316.0,4773803.0,3018015.0,3051015.0,1260747.0,520051.0,4710903.0,412068.0,1014675.0,746770.0,4594206.0,941385.0,1395389.0,9736639.0,5720710.0,1826170.0,1976675.0,6477709.0,564458.0,2241576.0,450029.0,3079697.0,13021327.0,1463234.0,4226202.0,351320.0,3549209.0,3090169.0,792080.0,300513.0
2015-08-01,360803.0,2170789.0,1333299.0,3116760.0,18832394.0,2818352.0,1897248.0,382112.0,463324.0,9603740.0,4730889.0,683337.0,1700151.0,801819.0,6560595.0,3272212.0,1497096.0,1975210.0,2138864.0,3613335.0,3169189.0,687297.0,4775840.0,3017335.0,3050439.0,1260887.0,520343.0,4712347.0,411965.0,1015778.0,746324.0,4591020.0,940443.0,1395502.0,9732451.0,5717012.0,1823735.0,1980845.0,6481593.0,563629.0,2241066.0,450086.0,3080105.0,13031358.0,1465935.0,4223634.0,350907.0,3554823.0,3091273.0,790472.0,300273.0
2015-09-01,360526.0,2170975.0,1332649.0,3119596.0,18832610.0,2821852.0,1895796.0,382552.0,464181.0,9615536.0,4731195.0,684081.0,1700298.0,802951.0,6565320.0,3278980.0,1497880.0,1976555.0,2134210.0,3610168.0,3168394.0,686620.0,4779395.0,3017390.0,3050791.0,1262078.0,520872.0,4714568.0,412104.0,1017033.0,746425.0,4589208.0,939512.0,1395804.0,9732729.0,5715547.0,1821679.0,1985425.0,6486574.0,562994.0,2241281.0,450221.0,3081151.0,13043523.0,1468803.0,4221591.0,350639.0,3561553.0,3094258.0,789089.0,300090.0
2015-10-01,360364.0,2173053.0,1332905.0,3123660.0,18846578.0,2827738.0,1895443.0,382995.0,465198.0,9632214.0,4734979.0,685238.0,1702038.0,804326.0,6575528.0,3288343.0,1499217.0,1980054.0,2131724.0,3609632.0,3168925.0,686563.0,4786771.0,3019206.0,3052804.0,1264017.0,521678.0,4719324.0,412475.0,1018552.0,747110.0,4590617.0,939028.0,1396707.0,9740366.0,5719033.0,1821067.0,1991370.0,6494946.0,562667.0,2243185.0,450545.0,3084457.0,13062295.0,1472335.0,4221568.0,350573.0,3570132.0,3099569.0,788343.0,300031.0
2015-11-01,360361.0,2176431.0,1334180.0,3129489.0,18875380.0,2835878.0,1896095.0,383528.0,466327.0,9653667.0,4742569.0,686702.0,1705349.0,806140.0,6592406.0,3300603.0,1500810.0,1984895.0,2131345.0,3612914.0,3171082.0,687257.0,4798667.0,3022960.0,3056290.0,1266257.0,522689.0,4727836.0,413014.0,1020251.0,748406.0,4595758.0,939278.0,1398385.0,9754221.0,5728965.0,1822170.0,1999157.0,6506860.0,562726.0,2246987.0,451039.0,3090661.0,13088927.0,1476757.0,4224180.0,350711.0,3580721.0,3106733.0,788293.0,300146.0
2015-12-01,360496.0,2180375.0,1335781.0,3136316.0,18910415.0,2845145.0,1897121.0,384123.0,467363.0,9676271.0,4750782.0,688148.0,1709426.0,808241.0,6612670.0,3313993.0,1502058.0,1989899.0,2131888.0,3618835.0,3173815.0,688481.0,4813134.0,3027432.0,3059863.0,1267894.0,523658.0,4738519.0,413573.0,1021789.0,750055.0,4602656.0,940098.0,1400386.0,9768487.0,5743561.0,1823974.0,2007927.0,6519532.0,563002.0,2251491.0,451549.0,3098226.0,13119457.0,1481723.0,4227902.0,350950.0,3592144.0,3114079.0,788672.0,300374.0
2016-01-01,360705.0,2184528.0,1337081.0,3143360.0,18943234.0,2854015.0,1898182.0,384806.0,468108.0,9696667.0,4757099.0,689357.0,1712835.0,810355.0,6630981.0,3325676.0,1502719.0,1994227.0,2132364.0,3624936.0,3175927.0,689942.0,4827409.0,3030919.0,3062796.0,1268405.0,524396.0,4748878.0,414024.0,1022997.0,751713.0,4608942.0,941174.0,1402291.0,9777801.0,5758397.0,1825278.0,2016473.0,6529917.0,563314.0,2255437.0,451982.0,3105368.0,13149367.0,1486793.0,4231483.0,351226.0,3603119.0,3119928.0,789107.0,300618.0
2016-02-01,360932.0,2187960.0,1337797.0,3150141.0,18970382.0,2861699.0,1899395.0,385458.0,468495.0,9714027.0,4761300.0,690351.0,1714546.0,812327.0,6643168.0,3334079.0,1502778.0,1997526.0,2132466.0,3629994.0,3177021.0,691473.0,4839932.0,3032318.0,3065131.0,1268163.0,524830.0,4757377.0,414326.0,1023801.0,753232.0,4613440.0,942292.0,1403929.0,9779589.0,5769621.0,1825449.0,2023889.0,6536043.0,563637.0,2258099.0,452332.0,3111174.0,13176511.0,1491654.0,4234176.0,351520.0,3613000.0,3123491.0,789137.0,300772.0
2016-03-01,361055.0,2190007.0,1337808.0,3156053.0,18990181.0,2867811.0,1900911.0,385881.0,468579.0,9728409.0,4798093.0,691167.0,1714396.0,814072.0,6646990.0,3338943.0,1502176.0,2000062.0,2131596.0,3634170.0,3177364.0,692953.0,4849814.0,3031641.0,3066965.0,1267598.0,524949.0,4763203.0,414495.0,1024063.0,754502.0,4615485.0,943263.0,1405134.0,9773761.0,5774990.0,1824396.0,2029635.0,6537416.0,563970.0,2259058.0,452580.0,3115694.0,13200366.0,1495995.0,4235617.0,351797.0,3621461.0,3124851.0,788478.0,300728.0
2016-04-01,361098.0,2191598.0,1337326.0,3161164.0,19006193.0,2872742.0,1902644.0,385998.0,468519.0,9742453.0,4833155.0,691859.0,1713159.0,815631.0,6643484.0,3341156.0,1501053.0,2002623.0,2129776.0,3638657.0,3177822.0,694281.0,4857719.0,3030266.0,3068645.0,1266739.0,524919.0,4767111.0,414631.0,1023824.0,755519.0,4615927.0,944166.0,1406068.0,9764691.0,5775604.0,1822517.0,2033924.0,6535650.0,564333.0,2258691.0,452748.0,3120233.0,13222774.0,1499835.0,4236956.0,352019.0,3629039.0,3124946.0,787246.0,300469.0
2016-05-01,361131.0,2193285.0,1336764.0,3166155.0,19024146.0,2877408.0,1904535.0,386077.0,468464.0,9759763.0,4867615.0,692653.0,1711784.0,817117.0,6635761.0,3341816.0,1499791.0,2006137.0,2127371.0,3644454.0,3179432.0,695464.0,4864670.0,3029700.0,3070475.0,1266420.0,524896.0,4770739.0,414808.0,1023339.0,756318.0,4616116.0,945142.0,1407087.0,9758146.0,5773817.0,1820290.0,2037219.0,6533018.0,564737.0,2257759.0,452898.0,3125918.0,13245429.0,1503476.0,4239689.0,352187.0,3636571.0,3124789.0,785844.0,300034.0
2016-06-01,361123.0,2195096.0,1336276.0,3171328.0,19044461.0,2882414.0,1906346.0,386269.0,468431.0,9780867.0,4902692.0,693665.0,1710646.0,818611.0,6625995.0,3341421.0,1498626.0,2010684.0,2124381.0,3651003.0,3182594.0,696513.0,4871098.0,3030303.0,3072043.0,1267320.0,524902.0,4775075.0,415001.0,1022721.0,756851.0,4615959.0,946073.0,1408330.0,9756519.0,5771173.0,1818130.0,2039991.0,6530436.0,565081.0,2256628.0,453038.0,3132837.0,13267182.0,1507116.0,4243995.0,352315.0,3644173.0,3124936.0,784631.0,299452.0
2016-07-01,361046.0,2197442.0,1335816.0,3176533.0,19064645.0,2887674.0,1907844.0,386583.0,468408.0,9803758.0,4938298.0,694824.0,1709736.0,820032.0,6615725.0,3339869.0,1497614.0,2015566.0,2120892.0,3657583.0,3187356.0,697414.0,4877110.0,3031789.0,3072807.0,1268776.0,524936.0,4780755.0,415106.0,1021957.0,757124.0,4615331.0,946815.0,1409759.0,9759182.0,5768861.0,1816449.0,2042757.0,6527033.0,565236.0,2255543.0,453169.0,3140466.0,13287060.0,1510805.0,4249505.0,352402.0,3651065.0,3125470.0,783746.0,298779.0
2016-08-01,360925.0,2200157.0,1335289.0,3181636.0,19082707.0,2892940.0,1909188.0,387048.0,468437.0,9826036.0,4974373.0,695946.0,1708506.0,821305.0,6606604.0,3337265.0,1496592.0,2020087.0,2116858.0,3663943.0,3193447.0,698224.0,4882900.0,3033760.0,3072255.0,1270198.0,525004.0,4787885.0,415035.0,1021036.0,757169.0,4614705.0,947311.0,1411375.0,9764203.0,5768142.0,1815346.0,2045298.0,6521875.0,565256.0,2254749.0,453279.0,3147411.0,13304597.0,1514535.0,4255870.0,352500.0,3657057.0,3126052.0,783172.0,298091.0
2016-09-01,360893.0,2202528.0,1334672.0,3186647.0,19097439.0,2897936.0,1910739.0,387727.0,468589.0,9845564.0,4994147.0,696866.0,1706420.0,822564.0,6598952.0,3333790.0,1495401.0,2023973.0,2112570.0,3669893.0,3200294.0,698968.0,4888654.0,3035888.0,3070113.0,1271504.0,525100.0,4796073.0,414793.0,1020007.0,756983.0,4614140.0,947474.0,1413245.0,9769629.0,5770193.0,1814459.0,2047051.0,6514917.0,565326.0,2254325.0,453352.0,3152701.0,13319196.0,1518277.0,4262873.0,352623.0,3662632.0,3126447.0,782806.0,297448.0
2016-10-01,360955.0,2204273.0,1333826.0,3191461.0,19107156.0,2902399.0,1912534.0,388522.0,468855.0,9860520.0,5045509.0,697509.0,1703087.0,823829.0,6591007.0,3329267.0,1494001.0,2027187.0,2108513.0,3675108.0,3207056.0,699586.0,4893430.0,3037832.0,3066332.0,1272365.0,525144.0,4804146.0,414415.0,1018853.0,756584.0,4612396.0,947276.0,1415296.0,9773080.0,5774241.0,1813225.0,2047689.0,6506582.0,565487.0,2254017.0,453370.0,3155934.0,13330344.0,1521999.0,4269893.0,352761.0,3667584.0,3126280.0,782451.0,296866.0
2016-11-01,361063.0,2205335.0,1333086.0,3196332.0,19113583.0,2906799.0,1914777.0,389247.0,469288.0,9872058.0,5046935.0,697993.0,1698894.0,825147.0,6581198.0,3324425.0,1492606.0,2030274.0,2105462.0,3679999.0,3213515.0,700125.0,4896498.0,3039925.0,3061737.0,1272916.0,525201.0,4811353.0,414089.0,1017746.0,756175.0,4609536.0,946974.0,1417614.0,9774939.0,5779152.0,1811787.0,2047929.0,6499466.0,565758.0,2253877.0,453396.0,3157653.0,13340963.0,1525847.0,4277138.0,352973.0,3672426.0,3125852.0,782104.0,296344.0
2016-12-01,361165.0,2205647.0,1332977.0,3201857.0,19121219.0,2911887.0,1917802.0,389937.0,469975.0,9883785.0,5049842.0,698455.0,1694792.0,826671.0,6570574.0,3320740.0,1491522.0,2033706.0,2104052.0,3685695.0,3219929.0,700689.0,4897910.0,3042724.0,3057795.0,1273490.0,525469.0,4817768.0,414022.0,1017062.0,756026.0,4607400.0,946881.0,1420468.0,9778376.0,5784601.0,1810688.0,2048991.0,6496248.0,566195.0,2254263.0,453528.0,3159171.0,13355421.0,1530053.0,4285563.0,353293.0,3678337.0,3126065.0,781715.0,295904.0
2017-01-01,361276.0,2206228.0,1333689.0,3208506.0,19132994.0,2918255.0,1921297.0,390694.0,470908.0,9898705.0,5054953.0,698896.0,1691889.0,828467.0,6561466.0,3319366.0,1490813.0,2037523.0,2103859.0,3693139.0,3226423.0,701296.0,4898119.0,3046821.0,3055068.0,1273483.0,526046.0,4823602.0,414262.0,1016947.0,756274.0,4607318.0,947172.0,1423972.0,9785983.0,5791153.0,1810280.0,2051780.0,6497414.0,566778.0,2255404.0,453764.0,3161588.0,13375477.0,1534672.0,4295344.0,353658.0,3686194.0,3127673.0,781243.0,295543.0
2017-02-01,361365.0,2206285.0,1335151.0,3216026.0,19148790.0,2926209.0,1924477.0,391426.0,471950.0,9917690.0,5061813.0,699271.0,1690683.0,830471.0,6554923.0,3320361.0,1490558.0,2041438.0,2103948.0,3701716.0,3232846.0,701917.0,4897485.0,3052170.0,3053362.0,1273487.0,526882.0,4829087.0,414721.0,1017385.0,756804.0,4609280.0,947755.0,1427984.0,9799491.0,5798781.0,1810692.0,2056697.0,6501514.0,567373.0,2257293.0,454090.0,3165138.0,13399052.0,1539544.0,4305591.0,353982.0,3696053.0,3130817.0,780830.0,295221.0
2017-03-01,361397.0,2206076.0,1336992.0,3223652.0,19166879.0,2935526.0,1926439.0,392114.0,472919.0,9939194.0,5069575.0,699458.0,1690865.0,832549.0,6550862.0,3322728.0,1490797.0,2044781.0,2103789.0,3709927.0,3238618.0,702440.0,4896456.0,3057640.0,3052451.0,1273512.0,527826.0,4834530.0,415160.0,1018267.0,757373.0,4612471.0,948296.0,1432257.0,9816438.0,5806189.0,1811936.0,2063292.0,6505628.0,567813.0,2259503.0,454505.0,3169407.0,13421751.0,1544341.0,4314559.0,354222.0,3707001.0,3134796.0,780633.0,294896.0
2017-04-01,361331.0,2206288.0,1338968.0,3230973.0,19187319.0,2945918.0,1926784.0,392905.0,473853.0,9959824.0,5078384.0,699424.0,1692030.0,834705.0,6549587.0,3326115.0,1491539.0,2047349.0,2103524.0,3717332.0,3243870.0,702864.0,4896887.0,3062642.0,3052331.0,1273547.0,528766.0,4841237.0,415409.0,1019505.0,757871.0,4616364.0,948576.0,1436691.0,9834089.0,5813051.0,1814313.0,2070638.0,6507391.0,568085.0,2261845.0,455044.0,3174476.0,13442289.0,1548933.0,4321755.0,354394.0,3718378.0,3139051.0,780887.0,294589.0
2017-05-01,361147.0,2206487.0,1340849.0,3237430.0,19207735.0,2956773.0,1925556.0,393708.0,474779.0,9975367.0,5087915.0,699050.0,1693382.0,836926.0,6550628.0,3329948.0,1492460.0,2049041.0,2103007.0,3723697.0,3248722.0,703173.0,4900103.0,3066694.0,3052612.0,1273642.0,529560.0,4849701.0,415392.0,1020874.0,758267.0,4619842.0,948424.0,1441113.0,9849999.0,5819388.0,1817808.0,2077500.0,6505377.0,568262.0,2264136.0,455672.0,3180235.0,13460096.0,1553118.0,4327413.0,354489.0,3729206.0,3143102.0,781625.0,294322.0
2017-06-01,360869.0,2206537.0,1342321.0,3242821.0,19224877.0,2967284.0,1923005.0,394337.0,475670.0,9984533.0,5097171.0,698244.0,1694172.0,839209.0,6553254.0,3333471.0,1493099.0,2049761.0,2102287.0,3729001.0,3252987.0,703298.0,4905778.0,3069405.0,3052823.0,1273361.0,530094.0,4859225.0,415098.0,1022133.0,758505.0,4622054.0,947781.0,1445370.0,9861994.0,5825444.0,1821622.0,2082582.0,6500140.0,568429.0,2266113.0,456278.0,3186200.0,13475092.0,1556664.0,4331491.0,354500.0,3738541.0,3146203.0,782674.0,294108.0
2017-07-01,360488.0,2206860.0,1343174.0,3247695.0,19237228.0,2977132.0,1919727.0,394808.0,476462.0,9988901.0,5105289.0,697091.0,1694106.0,841602.0,6556805.0,3336419.0,1493133.0,2049813.0,2101693.0,3733434.0,3256480.0,703234.0,4912843.0,3070848.0,3052646.0,1272497.0,530358.0,4868559.0,414597.0,1023162.0,758542.0,4622218.0,946764.0,1449501.0,9867628.0,5830854.0,1824900.0,2085221.0,6493788.0,568678.0,2267366.0,456751.0,3192239.0,13488447.0,1559600.0,4334243.0,354485.0,3746010.0,3147834.0,783873.0,293939.0
2017-08-01,359970.0,2207126.0,1343225.0,3252175.0,19241455.0,2985566.0,1915998.0,395026.0,477045.0,9990032.0,5110944.0,695734.0,1693072.0,843971.0,6558898.0,3338006.0,1492235.0,2049092.0,2101344.0,3736954.0,3258590.0,702837.0,4918844.0,3070821.0,3051527.0,1271029.0,530354.0,4875697.0,413993.0,1023753.0,758410.0,4619239.0,945445.0,1453361.0,9865075.0,5832815.0,1827186.0,2085667.0,6487659.0,568918.0,2267455.0,456969.0,3197704.0,13500768.0,1561846.0,4335627.0,354420.0,3751207.0,3147461.0,784909.0,293730.0
2017-09-01,359319.0,2207624.0,1342538.0,3256460.0,19237249.0,2992312.0,1912320.0,395016.0,477373.0,9990253.0,5113741.0,694382.0,1691448.0,846071.0,6558492.0,3337967.0,1490502.0,2047586.0,2101001.0,3740095.0,3259199.0,702059.0,4921634.0,3069623.0,3049359.0,1269051.0,530194.0,4879411.0,413394.0,1023897.0,758258.0,4613608.0,944028.0,1456885.0,9855369.0,5829158.0,1828537.0,2084965.0,6482632.0,569071.0,2266486.0,456923.0,3201719.0,13513740.0,1563453.0,4336048.0,354302.0,3754323.0,3145226.0,785534.0,293440.0
2017-10-01,358592.0,2207465.0,1341423.0,3261088.0,19228301.0,2997994.0,1909315.0,394951.0,477521.0,9992561.0,5114280.0,693299.0,1689899.0,847840.0,6556880.0,3337543.0,1488379.0,2045582.0,2100649.0,3743965.0,3258782.0,700989.0,4921385.0,3067975.0,3046490.0,1267802.0,530057.0,4879643.0,412936.0,1023841.0,758293.0,4606841.0,942756.0,1460220.0,9841071.0,5820642.0,1829311.0,2083825.0,6478938.0,569153.0,2264971.0,456694.0,3204205.0,13529038.0,1564691.0,4336283.0,354172.0,3756362.0,3142143.0,785741.0,293078.0
2017-11-01,357832.0,2208532.0,1340197.0,3266467.0,19218639.0,3003144.0,1907135.0,395001.0,477579.0,9997986.0,5113165.0,692653.0,1688795.0,849291.0,6554599.0,3338026.0,1486470.0,2043535.0,2100733.0,3749313.0,3257766.0,699785.0,4919605.0,3066127.0,3043622.0,1266613.0,529992.0,4877590.0,412665.0,1023864.0,758611.0,4599881.0,941750.0,1463526.0,9825046.0,5809489.0,1829780.0,2082386.0,6476072.0,569205.0,2263175.0,456452.0,3205969.0,13546877.0,1565804.0,4336807.0,354051.0,3758494.0,3139070.0,785656.0,292689.0
2017-12-01,357103.0,2210701.0,1339224.0,3273052.0,19214570.0,3008759.0,1906047.0,395250.0,477707.0,10007150.0,5111412.0,692634.0,1688678.0,850626.0,6552397.0,3341073.0,1485497.0,2042076.0,2101751.0,3757459.0,3256935.0,698782.0,4918650.0,3064718.0,3041674.0,1266035.0,530058.0,4875928.0,412576.0,1024266.0,759358.0,4593657.0,941150.0,1467126.0,9810886.0,5799019.0,1830382.0,2080849.0,6474865.0,569398.0,2261625.0,456396.0,3208324.0,13568610.0,1567240.0,4338678.0,354016.0,3762487.0,3136815.0,785676.0,292378.0
2018-01-01,356498.0,2214527.0,1338772.0,3281017.0,19222096.0,3015824.0,1906315.0,395730.0,478139.0,10020689.0,5110825.0,693275.0,1690271.0,852121.0,6550963.0,3347959.0,1485942.0,2042001.0,2104108.0,3769274.0,3257332.0,698341.0,4920884.0,3064496.0,3041374.0,1266186.0,530392.0,4877314.0,412653.0,1025277.0,760670.0,4590359.0,941212.0,1471357.0,9803080.0,5793192.0,1831536.0,2079631.0,6476843.0,569855.0,2261165.0,456643.0,3212889.0,13595908.0,1569406.0,4342632.0,354113.0,3769895.0,3136136.0,786241.0,292255.0
2018-02-01,356060.0,2220091.0,1338982.0,3290510.0,19243453.0,3024932.0,1908198.0,396596.0,478988.0,10038622.0,5113029.0,694409.0,1693853.0,854034.0,6551798.0,3358941.0,1487776.0,2043979.0,2107711.0,3784535.0,3259763.0,698713.0,4927259.0,3065788.0,3042969.0,1267261.0,531118.0,4882825.0,412835.0,1027012.0,762613.0,4592098.0,942012.0,1476371.0,9804282.0,5794297.0,1833233.0,2078914.0,6482943.0,570638.0,2262610.0,457231.0,3220532.0,13629499.0,1572534.0,4348614.0,354366.0,3781049.0,3137140.0,787537.0,292389.0
2018-03-01,355769.0,2225982.0,1339618.0,3300813.0,19272324.0,3035284.0,1911441.0,397571.0,480050.0,10058444.0,5117242.0,695627.0,1698663.0,856277.0,6554433.0,3372302.0,1490246.0,2047306.0,2111364.0,3800886.0,3263750.0,699692.0,4935364.0,3067888.0,3045227.0,1269105.0,532148.0,4891265.0,412956.0,1029174.0,764962.0,4598161.0,943279.0,1481806.0,9813082.0,5800942.0,1834709.0,2078289.0,6491802.0,571611.0,2265979.0,457969.0,3230150.0,13665155.0,1576272.0,4354678.0,354697.0,3794275.0,3138675.0,789331.0,292701.0
2018-04-01,355468.0,2231472.0,1339999.0,3310523.0,19296900.0,3044888.0,1915210.0,398044.0,480845.0,10076751.0,5120103.0,696418.0,1703146.0,858466.0,6556223.0,3384540.0,1492261.0,2050301.0,2113091.0,3815127.0,3267484.0,700751.0,4940831.0,3069300.0,3046286.0,1270137.0,533182.0,4899267.0,412781.0,1031157.0,767150.0,4605163.0,944469.0,1486875.0,9823863.0,5808831.0,1834720.0,2077094.0,6500303.0,572453.0,2270297.0,458546.0,3239107.0,13694410.0,1579760.0,4357520.0,354958.0,3806442.0,3138784.0,790986.0,292992.0
2018-05-01,355095.0,2234988.0,1339773.0,3319150.0,19310247.0,3052254.0,1918502.0,397790.0,481117.0,10091633.0,5119347.0,696457.0,1706274.0,860364.0,6556049.0,3392942.0,1493178.0,2051706.0,2111988.0,3825483.0,3269533.0,701466.0,4942041.0,3069405.0,3045398.0,1270079.0,533977.0,4904424.0,412241.0,1032631.0,768610.0,4610201.0,945219.0,1491150.0,9830800.0,5814368.0,1832883.0,2075233.0,6506622.0,572881.0,2274737.0,458806.0,3245698.0,13712961.0,1582426.0,4355424.0,355045.0,3815647.0,3136204.0,792107.0,293103.0
2018-06-01,354670.0,2237074.0,1339258.0,3327171.0,19313643.0,3057124.0,1921010.0,396959.0,480929.0,10102374.0,5115324.0,695776.0,1707955.0,861966.0,6554579.0,3396811.0,1492967.0,2051396.0,2108638.0,3831789.0,3269981.0,701698.0,4940348.0,3068591.0,3042998.0,1268826.0,534497.0,4906758.0,411498.0,1033622.0,769231.0,4612096.0,945552.0,1494756.0,9832509.0,5816161.0,1829926.0,2073562.0,6510858.0,572875.0,2279239.0,458793.0,3250483.0,13722218.0,1584302.0,4350195.0,354936.0,3822176.0,3131226.0,792628.0,293022.0
2018-07-01,354202.0,2238463.0,1338897.0,3335123.0,19311140.0,3059993.0,1922888.0,395872.0,480484.0,10109684.0,5109510.0,694556.0,1708522.0,863362.0,6552241.0,3396231.0,1491979.0,2049557.0,2103945.0,3834581.0,3269608.0,701436.0,4937813.0,3067455.0,3039930.0,1266735.0,534832.0,4906826.0,410769.0,1034310.0,769227.0,4611059.0,945649.0,1497993.0,9830902.0,5815042.0,1826644.0,2072518.0,6513633.0,572513.0,2283852.0,458603.0,3253879.0,13725433.0,1585625.0,4344543.0,354645.0,3827191.0,3124973.0,792602.0,292817.0
2018-08-01,353725.0,2239251.0,1339306.0,3344235.0,19311464.0,3062145.0,1924548.0,394964.0,480135.0,10116757.0,5104655.0,693097.0,1708907.0,864894.0,6551206.0,3393393.0,1491132.0,2047172.0,2099491.0,3835875.0,3270271.0,700956.0,4937504.0,3067472.0,3037789.0,1265370.0,535249.0,4907147.0,410319.0,1035154.0,769076.0,4609237.0,945960.0,1501510.0,9830123.0,5815036.0,1823936.0,2073066.0,6517145.0,572055.0,2288851.0,458463.0,3257296.0,13729166.0,1586998.0,4341692.0,354312.0,3832666.0,3119399.0,792385.0,292638.0
2018-09-01,353257.0,2241462.0,1340798.0,3354886.0,19319744.0,3064766.0,1926116.0,394485.0,480129.0,10125597.0,5102401.0,691614.0,1709789.0,866799.0,6553072.0,3390914.0,1491039.0,2045292.0,2096648.0,3837319.0,3273262.0,700467.0,4940876.0,3069433.0,3037702.0,1264589.0,535879.0,4910350.0,410309.0,1036376.0,769164.0,4608780.0,946826.0,1505705.0,9831476.0,5818652.0,1822416.0,2075673.0,6522999.0,571705.0,2294065.0,458560.0,3262243.0,13738074.0,1588869.0,4343694.0,354055.0,3840303.0,3115610.0,792251.0,292565.0
2018-10-01,352881.0,2244777.0,1343176.0,3366323.0,19336652.0,3068350.0,1927456.0,394609.0,480587.0,10136280.0,5102990.0,690314.0,1711575.0,869088.0,6557352.0,3390302.0,1491851.0,2044613.0,2095746.0,3839492.0,3278864.0,700019.0,4947469.0,3073134.0,3040113.0,1265038.0,536633.0,4917554.0,410743.0,1037949.0,769675.0,4611131.0,948242.0,1510543.0,9835265.0,5825205.0,1822390.0,2079856.0,6531837.0,571513.0,2299403.0,458985.0,3269246.0,13753322.0,1591373.0,4350720.0,353910.0,3850601.0,3113834.0,792213.0,292591.0
2018-11-01,352588.0,2249040.0,1345916.0,3377407.0,19357820.0,3072875.0,1928469.0,395344.0,481462.0,10147309.0,5105686.0,689271.0,1714454.0,871655.0,6563693.0,3392244.0,1493263.0,2045199.0,2096226.0,3842042.0,3286490.0,699497.0,4955714.0,3077755.0,3044344.0,1266560.0,537385.0,4927943.0,411530.0,1039691.0,770555.0,4616532.0,949952.0,1515722.0,9840824.0,5832678.0,1823766.0,2084734.0,6542689.0,571387.0,2305056.0,459657.0,3278109.0,13772019.0,1594411.0,4361260.0,353874.0,3863242.0,3113859.0,792142.0,292643.0
2018-12-01,352265.0,2253497.0,1348399.0,3387194.0,19375766.0,3077736.0,1928999.0,396511.0,482538.0,10157440.0,5109390.0,688415.0,1718151.0,874256.0,6570620.0,3395076.0,1494764.0,2046850.0,2097319.0,3844303.0,3294819.0,698756.0,4963336.0,3082118.0,3049062.0,1268747.0,538060.0,4939598.0,412487.0,1041358.0,771676.0,4623928.0,951638.0,1520816.0,9846342.0,5838615.0,1826068.0,2089040.0,6553509.0,571182.0,2311152.0,460408.0,3288549.0,13789571.0,1597702.0,4373152.0,353861.0,3877111.0,3114741.0,791779.0,292639.0
2019-01-01,351831.0,2257760.0,1350043.0,3395349.0,19383306.0,3082124.0,1928873.0,397788.0,483451.0,10166080.0,5112734.0,687620.0,1721811.0,876601.0,6574836.0,3396279.0,1495883.0,2048937.0,2098194.0,3845803.0,3302346.0,697766.0,4968381.0,3085359.0,3052904.0,1270606.0,538521.0,4950162.0,413331.0,1042759.0,772781.0,4631274.0,952922.0,1525441.0,9848899.0,5841057.0,1828407.0,2091488.0,6561798.0,570825.0,2317068.0,461110.0,3299516.0,13802976.0,1600912.0,4383817.0,353775.0,3890859.0,3115259.0,790996.0,292548.0
2019-02-01,351405.0,2260638.0,1350615.0,3402154.0,19379073.0,3085607.0,1928104.0,398888.0,484023.0,10174306.0,5114987.0,686884.0,1725006.0,878651.0,6574311.0,3394503.0,1496519.0,2051027.0,2097947.0,3846567.0,3308473.0,696598.0,4970537.0,3087605.0,3055121.0,1272072.0,538740.0,4957944.0,413843.0,1043847.0,773620.0,4637559.0,953716.0,1529479.0,9846753.0,5841071.0,1830271.0,2091761.0,6565351.0,570400.0,2322111.0,461712.0,3309492.0,13813223.0,1603965.0,4391486.0,353532.0,3903516.0,3115193.0,789966.0,292427.0
2019-03-01,351131.0,2261633.0,1350217.0,3408470.0,19368541.0,3088437.0,1927212.0,399741.0,484360.0,10184993.0,5117188.0,686293.0,1727991.0,880598.0,6569737.0,3390255.0,1496929.0,2053518.0,2096558.0,3847301.0,3313711.0,695522.0,4971497.0,3089759.0,3055937.0,1273768.0,538940.0,4963119.0,413983.0,1044756.0,774158.0,4643984.0,954323.0,1533106.0,9841664.0,5842012.0,1831661.0,2090798.0,6564870.0,570143.0,2326037.0,462249.0,3317717.0,13824443.0,1606966.0,4395452.0,353135.0,3915084.0,3115048.0,789152.0,292384.0
2019-04-01,351157.0,2262068.0,1349361.0,3415247.0,19360324.0,3091583.0,1927024.0,400515.0,484637.0,10200958.0,5121305.0,685978.0,1731138.0,882732.0,6563224.0,3385579.0,1497527.0,2056741.0,2094892.0,3848455.0,3319056.0,694985.0,4973183.0,3092908.0,3056388.0,1275728.0,539439.0,4967418.0,413869.0,1045713.0,774648.0,4652828.0,954999.0,1536704.0,9837363.0,5846328.0,1832954.0,2089732.0,6562992.0,570303.0,2328810.0,462807.0,3324408.0,13841956.0,1610178.0,4396580.0,352691.0,3925819.0,3115332.0,789004.0,292522.0
2019-05-01,351420.0,2262486.0,1348588.0,3422662.0,19359399.0,3095112.0,1928009.0,401106.0,484901.0,10222100.0,5127960.0,686054.0,1734310.0,885141.0,6555831.0,3382165.0,1498472.0,2060345.0,2093624.0,3849467.0,3324957.0,695172.0,4975072.0,3097285.0,3057416.0,1278107.0,540367.0,4972307.0,413606.0,1046784.0,775362.0,4665140.0,955806.0,1540468.0,9837115.0,5853828.0,1834399.0,2089040.0,6561865.0,570955.0,2330127.0,463378.0,3329352.0,13867607.0,1613584.0,4396207.0,352296.0,3935594.0,3116035.0,789596.0,292844.0
2019-06-01,351737.0,2262857.0,1348406.0,3430816.0,19368378.0,3098899.0,1930248.0,401452.0,485170.0,10246469.0,5136510.0,686584.0,1737297.0,887824.0,6548423.0,3381252.0,1499973.0,2064011.0,2093370.0,3850035.0,3331424.0,696022.0,4976430.0,3102516.0,3060113.0,1280796.0,541687.0,4978585.0,413356.0,1048127.0,776373.0,4680591.0,956659.0,1544513.0,9842215.0,5863521.0,1836110.0,2089091.0,6563128.0,572075.0,2330032.0,463987.0,3332238.0,13900435.0,1617122.0,4396264.0,352063.0,3944443.0,3116984.0,790761.0,293296.0
2019-07-01,351966.0,2264164.0,1349142.0,3439397.0,19386987.0,3102890.0,1933187.0,401528.0,485452.0,10271048.0,5145890.0,687490.0,1739887.0,890660.0,6541678.0,3383676.0,1502040.0,2067508.0,2094490.0,3850030.0,3338080.0,697314.0,4977230.0,3107798.0,3065029.0,1282858.0,543182.0,4986366.0,413259.0,1049736.0,777618.0,4697847.0,957408.0,1548834.0,9851433.0,5873940.0,1838190.0,2089970.0,6567450.0,573522.0,2329158.0,464652.0,3333856.0,13936883.0,1620725.0,4398330.0,352070.0,3952679.0,3117826.0,792173.0,293776.0
2019-08-01,352010.0,2265671.0,1350723.0,3447872.0,19413427.0,3107255.0,1936278.0,401516.0,485641.0,10293168.0,5155112.0,688673.0,1741821.0,893421.0,6535211.0,3388710.0,1504286.0,2070510.0,2096783.0,3849190.0,3344244.0,698688.0,4977625.0,3112298.0,3071694.0,1284181.0,544623.0,4994655.0,413327.0,1051380.0,778944.0,4715055.0,958036.0,1553269.0,9863438.0,5883443.0,1840520.0,2090951.0,6574318.0,575011.0,2328409.0,465308.0,3335490.0,13971964.0,1624340.0,4403343.0,352307.0,3960828.0,3118276.0,793464.0,294213.0
2019-09-01,351834.0,2267415.0,1352758.0,3456418.0,19447796.0,3112667.0,1939235.0,401820.0,485722.0,10313778.0,5164623.0,690145.0,1743177.0,896041.0,6528621.0,3395148.0,1506570.0,2072853.0,2099678.0,3848299.0,3349967.0,699915.0,4978659.0,3116207.0,3079035.0,1284212.0,546025.0,5002649.0,413540.0,1053008.0,780237.0,4731072.0,958766.0,1557832.0,9879755.0,5892364.0,1842891.0,2091578.0,6582556.0,576289.0,2329050.0,465921.0,3338521.0,14004715.0,1628202.0,4411433.0,352715.0,3969950.0,3118566.0,794502.0,294622.0
2019-10-01,351487.0,2268441.0,1354577.0,3465329.0,19487390.0,3118989.0,1941593.0,402517.0,485617.0,10332869.0,5174328.0,691555.0,1743449.0,898402.0,6522043.0,3400846.0,1508618.0,2074341.0,2101729.0,3847571.0,3355417.0,700800.0,4979874.0,3120234.0,3085251.0,1283451.0,547383.0,5009614.0,413695.0,1054364.0,781198.0,4745300.0,959739.0,1562321.0,9899509.0,5901853.0,1844494.0,2091954.0,6589900.0,577212.0,2331167.0,466380.0,3342882.0,14034173.0,1632135.0,4420554.0,353091.0,3980986.0,3118317.0,795310.0,295036.0
2019-11-01,351197.0,2267842.0,1355495.0,3474207.0,19530764.0,3125737.0,1942988.0,403449.0,485206.0,10349460.0,5183356.0,692636.0,1741908.0,900327.0,6515473.0,3403209.0,1510154.0,2074502.0,2100897.0,3846073.0,3360556.0,701194.0,4979379.0,3124823.0,3088996.0,1282570.0,548519.0,5015044.0,413459.0,1055146.0,781476.0,4757345.0,960847.0,1566205.0,9918398.0,5912001.0,1844480.0,2091919.0,6592893.0,577724.0,2333912.0,466622.0,3346774.0,14060143.0,1635740.0,4427891.0,353175.0,3991180.0,3116817.0,795798.0,295458.0
2019-12-01,351034.0,2265305.0,1354907.0,3480692.0,19571469.0,3130834.0,1942216.0,404214.0,484362.0,10356024.0,5189349.0,693073.0,1737538.0,901475.0,6507243.0,3400865.0,1510339.0,2072180.0,2095489.0,3840356.0,3364422.0,700702.0,4973652.0,3128223.0,3088884.0,1280931.0,548951.0,5016582.0,412683.0,1054761.0,780430.0,4764786.0,961446.0,1568450.0,9928423.0,5919223.0,1842274.0,2090881.0,6586413.0,577514.0,2335205.0,466473.0,3346761.0,14075288.0,1637983.0,4428627.0,352800.0,3994995.0,3112959.0,795786.0,295727.0
2020-01-01,350862.0,2260440.0,1352956.0,3482745.0,19603988.0,3132612.0,1938821.0,404360.0,483120.0,10344346.0,5190786.0,692729.0,1730179.0,901823.0,6498977.0,3393852.0,1508537.0,2066984.0,2086283.0,3827335.0,3366208.0,699130.0,4960108.0,3128290.0,3085527.0,1278699.0,548463.0,5013776.0,411689.0,1052941.0,777848.0,4765234.0,960993.0,1568532.0,9923358.0,5919390.0,1838271.0,2088910.0,6570864.0,576322.0,2333553.0,465790.0,3340825.0,14072438.0,1638196.0,4423464.0,352082.0,3989932.0,3106453.0,795017.0,295684.0
2020-02-01,350477.0,2254260.0,1350347.0,3480462.0,19628098.0,3130761.0,1933315.0,403489.0,481636.0,10310613.0,5187971.0,691778.0,1720272.0,901500.0,6492991.0,3382274.0,1504763.0,2059014.0,2076123.0,3806656.0,3365190.0,696631.0,4937894.0,3123869.0,3081373.0,1275701.0,547170.0,5008917.0,410940.0,1049923.0,774097.0,4757142.0,959313.0,1566746.0,9901482.0,5909682.0,1833477.0,2086293.0,6552353.0,574053.0,2328820.0,464574.0,3330049.0,14049555.0,1636410.0,4418731.0,351283.0,3977324.0,3097630.0,793206.0,295291.0
2020-03-01,349856.0,2246584.0,1365968.0,3476237.0,19310026.0,3127030.0,1927122.0,402863.0,487300.0,10142457.0,5183442.0,690734.0,1709030.0,899358.0,6434112.0,3301532.0,1500078.0,2049594.0,2114424.0,3781020.0,3362349.0,693833.0,4909618.0,3115711.0,3079549.0,1273409.0,545355.0,4785018.0,410959.0,1055316.0,769939.0,4742018.0,948526.0,1545207.0,9867923.0,5820292.0,1829534.0,2083882.0,6536470.0,569682.0,2322570.0,463143.0,3317696.0,13893417.0,1633767.0,4422545.0,350738.0,3941485.0,3088431.0,790450.0,294693.0
2020-04-01,335456.0,2184411.0,1346793.0,3393061.0,18698851.0,2997836.0,1830788.0,391628.0,470723.0,9372023.0,4947003.0,649436.0,1687201.0,885500.0,6257113.0,3212876.0,1488328.0,2038557.0,1976206.0,3509078.0,3199999.0,654661.0,4561790.0,2995933.0,2926978.0,1207674.0,537056.0,4625138.0,410498.0,1044553.0,742138.0,4478993.0,899628.0,1469449.0,9119448.0,5534863.0,1803349.0,2035720.0,6344987.0,545276.0,2322650.0,463618.0,3191792.0,13300732.0,1622532.0,4303723.0,352456.0,3974959.0,3079693.0,760840.0,287289.0
2020-05-01,343670.0,2261887.0,1341710.0,3446480.0,18560581.0,3095300.0,1905059.0,379861.0,495353.0,10084003.0,5053091.0,666396.0,1653803.0,897591.0,6289916.0,3286059.0,1497235.0,2053548.0,2014205.0,3670550.0,3204499.0,672011.0,4882818.0,3067745.0,2870284.0,1221316.0,542022.0,4763505.0,408037.0,1045313.0,756642.0,4571265.0,910703.0,1390094.0,9419207.0,5655129.0,1826774.0,2097682.0,6461185.0,571212.0,2335076.0,464185.0,3257118.0,13854813.0,1636328.0,4283943.0,339027.0,3921543.0,3099770.0,773503.0,298665.0
2020-06-01,345102.0,2263977.0,1336181.0,3446465.0,19030336.0,3114887.0,1896424.0,378357.0,500448.0,9984792.0,4986734.0,665341.0,1631941.0,896772.0,6250781.0,3288130.0,1490499.0,1924408.0,2019373.0,3777546.0,3187489.0,657511.0,5013907.0,3143556.0,2966906.0,1222816.0,540468.0,4764830.0,407323.0,1040691.0,754070.0,4628508.0,912682.0,1498919.0,9505600.0,5654610.0,1826978.0,2098606.0,6462979.0,571019.0,2327707.0,462236.0,3249984.0,13855506.0,1635237.0,4276850.0,334214.0,3875271.0,3089775.0,769941.0,294397.0
2020-07-01,348894.0,2274751.0,1338897.0,3468223.0,19067483.0,2997019.0,1905098.0,379497.0,480623.0,10171091.0,4973882.0,675151.0,1631388.0,901562.0,6279917.0,3317415.0,1497882.0,1965877.0,2041235.0,3769749.0,3198040.0,663393.0,4955114.0,3174740.0,3074336.0,1233243.0,542691.0,4807647.0,409306.0,1041693.0,758132.0,4732543.0,920262.0,1511703.0,9545521.0,5693398.0,1839352.0,2115076.0,6507677.0,575844.0,2340450.0,463621.0,3272977.0,13960798.0,1644579.0,4307354.0,333176.0,3874343.0,3102968.0,772857.0,293997.0
2020-08-01,342738.0,2273305.0,1334391.0,3472410.0,18910905.0,3022293.0,1863999.0,379636.0,486581.0,9988796.0,4945404.0,672517.0,1629051.0,901894.0,6251667.0,3320672.0,1499726.0,1976712.0,2041973.0,3745616.0,3188236.0,655665.0,4884241.0,3164264.0,3059210.0,1239063.0,542412.0,4810221.0,409618.0,1040395.0,756543.0,4754575.0,922907.0,1500711.0,9483036.0,5691651.0,1841586.0,2116350.0,6504603.0,573333.0,2344618.0,463942.0,3279583.0,13961664.0,1647748.0,4310745.0,331438.0,3851942.0,3098059.0,771449.0,293244.0
2020-09-01,343274.0,2280339.0,1335833.0,3492702.0,18658461.0,3058030.0,1852469.0,380929.0,493585.0,10047622.0,4944916.0,622851.0,1637273.0,906914.0,6282727.0,3345331.0,1506805.0,1990824.0,2055533.0,3767786.0,3198191.0,661558.0,4874366.0,3156538.0,3055128.0,1249420.0,544533.0,4840818.0,410286.0,1041358.0,760133.0,4520716.0,930263.0,1512177.0,9517449.0,5723287.0,1851630.0,2130328.0,6524674.0,578508.0,2357123.0,465564.0,3310277.0,14059000.0,1657580.0,4323725.0,331583.0,3862675.0,3111737.0,773605.0,293397.0
2020-10-01,343583.0,2273333.0,1331810.0,3497131.0,18609671.0,3074101.0,1833002.0,379889.0,484594.0,10035807.0,5196008.0,643350.0,1641742.0,908485.0,6269218.0,3347475.0,1507319.0,1996073.0,2051790.0,3751342.0,3186354.0,665217.0,4827190.0,3131796.0,3043738.0,1254061.0,544035.0,4841029.0,409345.0,1040181.0,758439.0,4552900.0,931255.0,1506544.0,9485291.0,5722806.0,1853406.0,2130210.0,6512518.0,565011.0,2359161.0,465928.0,3317329.0,14074423.0,1660656.0,4311352.0,330863.0,3852136.0,3110418.0,772320.0,292832.0
2020-11-01,344857.0,2266541.0,1330332.0,3503661.0,18645846.0,3090232.0,1824599.0,378702.0,487625.0,10059672.0,5186243.0,654968.0,1648907.0,911332.0,6277798.0,3352631.0,1507506.0,1999542.0,2053144.0,3747109.0,3183549.0,670431.0,4805259.0,3108516.0,3037942.0,1256992.0,543842.0,4852892.0,408591.0,1039673.0,757804.0,4591781.0,933270.0,1507611.0,9505123.0,5729613.0,1856097.0,2133469.0,6506621.0,568673.0,2361097.0,466415.0,3324647.0,14116639.0,1664110.0,4303410.0,330924.0,3851200.0,3114064.0,772124.0,292321.0
2020-12-01,346296.0,2257916.0,1329230.0,3508888.0,18707388.0,3103640.0,1819771.0,377139.0,489830.0,10092467.0,5177787.0,665803.0,1654872.0,914166.0,6287051.0,3352059.0,1506105.0,2001059.0,2053751.0,3741382.0,3182892.0,676110.0,4718476.0,3086270.0,3034882.0,1258110.0,543566.0,4865981.0,407910.0,1039419.0,756815.0,4616267.0,934977.0,1508616.0,9513387.0,5731408.0,1856855.0,2137370.0,6492960.0,570803.0,2360982.0,466744.0,3324856.0,14146644.0,1666498.0,4298543.0,331368.0,3853271.0,3115844.0,772058.0,291741.0
2021-01-01,346800.0,2254758.0,1328918.0,3497439.0,18763665.0,3104044.0,1813308.0,377955.0,493127.0,10105097.0,5189120.0,673312.0,1655861.0,912959.0,6312351.0,3352456.0,1504372.0,2003999.0,2057542.0,3732439.0,3183214.0,682002.0,4772367.0,3071240.0,3035817.0,1261573.0,542440.0,4873184.0,407494.0,1041758.0,755556.0,4652771.0,931915.0,1503398.0,9564884.0,5737522.0,1862363.0,2135608.0,6491480.0,572702.0,2361738.0,466000.0,3332130.0,14197617.0,1669577.0,4299365.0,331327.0,3860829.0,3106354.0,773631.0,289924.0
2021-02-01,347748.0,2250796.0,1328912.0,3502838.0,18803302.0,3113725.0,1810438.0,376629.0,494603.0,10128243.0,5183984.0,678431.0,1660122.0,915043.0,6319025.0,3348384.0,1502973.0,2006284.0,2057436.0,3728472.0,3175990.0,685895.0,4757958.0,3055700.0,3035720.0,1261262.0,542687.0,4873283.0,407360.0,1042254.0,754645.0,4661369.0,932772.0,1502587.0,9567436.0,5734668.0,1862689.0,2137529.0,6475772.0,573659.0,2361276.0,466536.0,3325920.0,14215983.0,1671868.0,4298762.0,332053.0,3863282.0,3106137.0,772789.0,289472.0
2021-03-01,348755.0,2249183.0,1329997.0,3507832.0,18871089.0,3121205.0,1808904.0,376956.0,496123.0,10168684.0,5184856.0,679258.0,1665807.0,916954.0,6331308.0,3347419.0,1503063.0,2010171.0,2059407.0,3730088.0,3175455.0,688862.0,4752272.0,3047382.0,3037230.0,1262028.0,543399.0,4877348.0,407557.0,1043184.0,754290.0,4668964.0,933552.0,1501449.0,9572842.0,5737031.0,1864425.0,2141052.0,6464392.0,574588.0,2363497.0,467282.0,3322826.0,14243338.0,1674841.0,4303699.0,333038.0,3869081.0,3107600.0,772808.0,289167.0
2021-04-01,349654.0,2250078.0,1330963.0,3513511.0,18953854.0,3132850.0,1809856.0,378365.0,497291.0,10214011.0,5188316.0,679398.0,1672106.0,919157.0,6348410.0,3348883.0,1504490.0,2014190.0,2062219.0,3739270.0,3176342.0,691417.0,4755581.0,3045401.0,3038838.0,1262478.0,544550.0,4881480.0,407844.0,1044318.0,754456.0,4680821.0,936838.0,1502277.0,9589109.0,5743370.0,1866672.0,2144236.0,6458242.0,576149.0,2367230.0,468139.0,3324691.0,14278926.0,1678934.0,4309375.0,334034.0,3877141.0,3110624.0,773290.0,288944.0
2021-05-01,349824.0,2249304.0,1331155.0,3516676.0,18991064.0,3138610.0,1807480.0,380360.0,497769.0,10257231.0,5192208.0,677084.0,1677258.0,920988.0,6361175.0,3348536.0,1505598.0,2017224.0,2063262.0,3742276.0,3176782.0,691780.0,4760327.0,3044678.0,3038881.0,1262799.0,545336.0,4884699.0,407962.0,1045142.0,753961.0,4679443.0,938282.0,1501490.0,9583194.0,5746962.0,1868128.0,2143176.0,6451234.0,576302.0,2370980.0,468820.0,3328130.0,14311166.0,1682606.0,4314973.0,334778.0,3884280.0,3112287.0,773854.0,288550.0
2021-06-01,350742.0,2248031.0,1331297.0,3518507.0,19080789.0,3149104.0,1829853.0,383219.0,497850.0,10311274.0,5195572.0,676611.0,1681621.0,922941.0,6374986.0,3346692.0,1506197.0,2019820.0,2065027.0,3751275.0,3182015.0,692938.0,4768845.0,3044021.0,3039152.0,1262657.0,545926.0,4917138.0,408053.0,1045858.0,753510.0,4698261.0,941863.0,1501611.0,9617457.0,5748415.0,1868537.0,2143109.0,6447826.0,577745.0,2374071.0,469389.0,3332995.0,14361525.0,1686163.0,4318583.0,335242.0,3893915.0,3112515.0,774399.0,288045.0
2021-07-01,350765.0,2246908.0,1330286.0,3517406.0,19078070.0,3151572.0,1846097.0,384754.0,497009.0,10339188.0,5194512.0,673093.0,1683176.0,924589.0,6377404.0,3341023.0,1505001.0,2022338.0,2061289.0,3750600.0,3176297.0,691944.0,4773185.0,3041503.0,3037337.0,1261401.0,546283.0,4944212.0,408013.0,1046240.0,752296.0,4689232.0,942607.0,1499502.0,9603748.0,5744146.0,1866863.0,2138081.0,6438156.0,577421.0,2374864.0,469658.0,3335277.0,14384130.0,1688937.0,4318194.0,335369.0,3898468.0,3108625.0,774242.0,287357.0
2021-08-01,351481.0,2246919.0,1330255.0,3515955.0,19103848.0,3153883.0,1863955.0,386391.0,496379.0,10375230.0,5194295.0,670383.0,1683118.0,926352.0,6382608.0,3335263.0,1503074.0,2025839.0,2058289.0,3751424.0,3175701.0,691536.0,4779014.0,3041242.0,3036177.0,1260453.0,546878.0,4975077.0,408207.0,1046772.0,751317.0,4688530.0,943521.0,1497530.0,9606711.0,5739198.0,1864938.0,2135742.0,6427572.0,577122.0,2375315.0,469894.0,3336208.0,14416529.0,1691883.0,4319842.0,335614.0,3902582.0,3103236.0,774100.0,286706.0
2021-09-01,352036.0,2249149.0,1331489.0,3515857.0,19092098.0,3151448.0,1879673.0,386448.0,495781.0,10396510.0,5195023.0,667070.0,1681460.0,928315.0,6388352.0,3331176.0,1500841.0,2030304.0,2054982.0,3750601.0,3167709.0,690517.0,4785077.0,3043247.0,3034709.0,1260182.0,547950.0,5004911.0,408573.0,1047468.0,750609.0,4671240.0,942304.0,1495613.0,9586797.0,5733522.0,1863824.0,2134991.0,6417348.0,576047.0,2376058.0,470121.0,3337685.0,14440570.0,1695359.0,4322146.0,335932.0,3904576.0,3097429.0,774126.0,286184.0
2021-10-01,353242.0,2253319.0,1335219.0,3519583.0,19126570.0,3158247.0,1898483.0,386878.0,496171.0,10434373.0,5202386.0,664677.0,1681679.0,930956.0,6406269.0,3332716.0,1499679.0,2035880.0,2055724.0,3754363.0,3168988.0,690328.0,4794381.0,3048544.0,3037212.0,1261514.0,549837.0,5040867.0,409405.0,1048684.0,750771.0,4668565.0,944038.0,1496069.0,9597109.0,5731713.0,1865311.0,2139295.0,6412753.0,575330.0,2378927.0,470534.0,3342417.0,14485343.0,1700256.0,4330225.0,336617.0,3909222.0,3094180.0,774897.0,285981.0
2021-11-01,354138.0,2259077.0,1340071.0,3526604.0,19146512.0,3166649.0,1915922.0,386810.0,497135.0,10473602.0,5213462.0,665873.0,1682858.0,934031.0,6427458.0,3339486.0,1499529.0,2041314.0,2057673.0,3757773.0,3169786.0,689493.0,4805185.0,3054164.0,3039775.0,1263269.0,552267.0,5078281.0,410325.0,1050178.0,751664.0,4664712.0,945892.0,1497617.0,9608605.0,5732071.0,1869284.0,2145309.0,6414162.0,574426.0,2383725.0,471048.0,3349927.0,14526003.0,1706237.0,4341173.0,337371.0,3914388.0,3093411.0,776175.0,285992.0
2021-12-01,355212.0,2264526.0,1345730.0,3536177.0,19209716.0,3175552.0,1935259.0,386209.0,498328.0,10509204.0,5226600.0,667540.0,1685832.0,937327.0,6452871.0,3350466.0,1500813.0,2045975.0,2061890.0,3763439.0,3168569.0,689338.0,4818651.0,3059365.0,3042855.0,1265422.0,554917.0,5115944.0,411287.0,1051875.0,753305.0,4674910.0,947946.0,1500482.0,9643606.0,5736256.0,1875201.0,2153759.0,6423500.0,574102.0,2390340.0,471688.0,3361315.0,14577227.0,1712963.0,4355333.0,338215.0,3922918.0,3094716.0,777822.0,286176.0
2022-01-01,355795.0,2269549.0,1351383.0,3547509.0,19254374.0,3183120.0,1953858.0,389138.0,499825.0,10558488.0,5240515.0,669400.0,1689683.0,940771.0,6474832.0,3362806.0,1503162.0,2049306.0,2068669.0,3772725.0,3176774.0,688985.0,4834211.0,3064825.0,3044464.0,1267029.0,557375.0,5156083.0,412080.0,1053514.0,755481.0,4697367.0,949647.0,1511821.0,9660517.0,5743840.0,1881995.0,2160609.0,6439522.0,574680.0,2398479.0,472375.0,3374695.0,14629668.0,1720180.0,4371563.0,339019.0,3933727.0,3096977.0,779860.0,287331.0
2022-02-01,355536.0,2273555.0,1356010.0,3558566.0,19255349.0,3184161.0,1949883.0,390752.0,500546.0,10589342.0,5252498.0,671206.0,1693512.0,943930.0,6487111.0,3373518.0,1505801.0,2050851.0,2073273.0,3777769.0,3177003.0,687931.0,4847668.0,3067292.0,3044868.0,1267850.0,559198.0,5165612.0,412602.0,1054848.0,757651.0,4709911.0,948925.0,1522946.0,9661992.0,5751648.0,1887969.0,2163086.0,6457369.0,575080.0,2405966.0,473032.0,3386646.0,14662350.0,1727023.0,4386806.0,339856.0,3944953.0,3097957.0,781583.0,288412.0
2022-03-01,355094.0,2276562.0,1359248.0,3568534.0,19249837.0,3182622.0,1945258.0,392327.0,500895.0,10619534.0,5261206.0,672937.0,1696260.0,946565.0,6492868.0,3382079.0,1508115.0,2051037.0,2075753.0,3780330.0,3176515.0,686739.0,4857310.0,3067197.0,3044563.0,1267672.0,560358.0,5173810.0,412844.0,1055798.0,759511.0,4723290.0,947237.0,1533485.0,9665260.0,5758056.0,1892576.0,2163284.0,6472892.0,575588.0,2411599.0,473610.0,3394047.0,14690159.0,1732912.0,4398701.0,340628.0,3955453.0,3096865.0,782655.0,289367.0
2022-04-01,354780.0,2278366.0,1361554.0,3577180.0,19265425.0,3183152.0,1941211.0,393953.0,500857.0,10648887.0,5267209.0,674714.0,1698142.0,948704.0,6495594.0,3388590.0,1509698.0,2050755.0,2077081.0,3784185.0,3177623.0,686097.0,4862590.0,3066466.0,3044673.0,1266921.0,561134.0,5181154.0,412896.0,1056395.0,761013.0,4742255.0,946692.0,1543627.0,9676884.0,5763749.0,1895881.0,2163269.0,6484052.0,576475.0,2415245.0,474045.0,3396491.0,14723318.0,1737834.0,4408389.0,341413.0,3965087.0,3094099.0,782923.0,290260.0
2022-05-01,354346.0,2279789.0,1362848.0,3584524.0,19259838.0,3182793.0,1935533.0,395507.0,500638.0,10678789.0,5269761.0,676027.0,1699221.0,950401.0,6493141.0,3393023.0,1510505.0,2050381.0,2076524.0,3786850.0,3178650.0,685157.0,4863799.0,3066609.0,3044533.0,1265421.0,561786.0,5188118.0,412767.0,1056723.0,762105.0,4756383.0,946212.0,1552977.0,9678221.0,5768071.0,1898185.0,2163194.0,6490041.0,577200.0,2417832.0,474303.0,3395065.0,14752430.0,1741971.0,4415209.0,341967.0,3970848.0,3090583.0,782471.0,291101.0
2022-06-01,353825.0,2279928.0,1363699.0,3590702.0,19261014.0,3179813.0,1928164.0,396633.0,500323.0,10705386.0,5271088.0,677302.0,1700296.0,951660.0,6488543.0,3395306.0,1510650.0,2049623.0,2074632.0,3787614.0,3179879.0,683924.0,4862146.0,3067508.0,3046111.0,1263739.0,562300.0,5193323.0,412643.0,1056791.0,762686.0,4772837.0,945059.0,1561848.0,9680247.0,5770525.0,1899903.0,2163012.0,6490585.0,577589.0,2419967.0,474367.0,3390967.0,14773129.0,1745362.0,4421587.0,342381.0,3975735.0,3087369.0,781618.0,291912.0
2022-07-01,353048.0,2279498.0,1364354.0,3595914.0,19243485.0,3175308.0,1919657.0,397094.0,499999.0,10725323.0,5272542.0,678117.0,1701417.0,952513.0,6482060.0,3395851.0,1510588.0,2047993.0,2071904.0,3785446.0,3178815.0,682430.0,4859926.0,3068775.0,3048602.0,1261411.0,562596.0,5195572.0,412558.0,1056737.0,762758.0,4784248.0,943238.0,1570192.0,9671387.0,5770117.0,1901613.0,2161284.0,6487010.0,577466.0,2422008.0,474329.0,3384846.0,14784870.0,1748173.0,4428655.0,342653.0,3978870.0,3085046.0,780766.0,292661.0
2022-08-01,352219.0,2278864.0,1365064.0,3600726.0,19212192.0,3170450.0,1911203.0,397403.0,499845.0,10744025.0,5275067.0,678396.0,1702684.0,953146.0,6473833.0,3395451.0,1510904.0,2045924.0,2069911.0,3785403.0,3180955.0,681064.0,4860405.0,3070499.0,3051755.0,1258634.0,562823.0,5197059.0,412602.0,1056708.0,762598.0,4795054.0,941296.0,1578483.0,9657851.0,5768252.0,1904026.0,2158296.0,6482933.0,577247.0,2424658.0,474304.0,3378037.0,14792376.0,1750958.0,4437070.0,342878.0,3980907.0,3083891.0,780259.0,293414.0
2022-09-01,352530.0,2278036.0,1365823.0,3605383.0,19239929.0,3175723.0,1908099.0,396063.0,500450.0,10766037.0,5278768.0,678274.0,1703747.0,953748.0,6469689.0,3394652.0,1511849.0,2044305.0,2068004.0,3780661.0,3174906.0,681898.0,4865600.0,3070999.0,3054983.0,1255865.0,563159.0,5198557.0,412849.0,1056732.0,762404.0,4805077.0,943439.0,1579569.0,9675983.0,5767435.0,1907470.0,2157724.0,6480554.0,576489.0,2428322.0,474327.0,3371984.0,14831360.0,1754195.0,4448652.0,343185.0,3982938.0,3083592.0,780150.0,293311.0
2022-10-01,352994.0,2277946.0,1366959.0,3610729.0,19278884.0,3181682.0,1905711.0,395328.0,501317.0,10791634.0,5285774.0,678312.0,1704677.0,954584.0,6467260.0,3394837.0,1513660.0,2043656.0,2068454.0,3780536.0,3176986.0,683039.0,4876551.0,3073520.0,3060004.0,1253447.0,563748.0,5203145.0,413403.0,1056915.0,762200.0,4816597.0,945982.0,1581391.0,9694389.0,5770192.0,1912204.0,2156905.0,6482425.0,575945.0,2433733.0,474492.0,3368261.0,14877017.0,1758322.0,4464553.0,343705.0,3987242.0,3084188.0,780533.0,293329.0
2022-11-01,353657.0,2279384.0,1368563.0,3617184.0,19323800.0,3188436.0,1904095.0,395240.0,502434.0,10817250.0,5295922.0,678606.0,1705203.0,955766.0,6467579.0,3397005.0,1516152.0,2044024.0,2070180.0,3780361.0,3177919.0,684330.0,4891602.0,3077940.0,3065403.0,1251783.0,564662.0,5210387.0,414157.0,1057306.0,761891.0,4828801.0,948765.0,1583956.0,9714705.0,5776705.0,1918202.0,2156122.0,6488327.0,575460.0,2440968.0,474868.0,3367265.0,14930752.0,1763337.0,4482886.0,344442.0,3993207.0,3085980.0,781380.0,293472.0
2022-12-01,354418.0,2283238.0,1370647.0,3624945.0,19362803.0,3195790.0,1903200.0,395821.0,503741.0,10845712.0,5307581.0,679066.0,1705640.0,957444.0,6470630.0,3401649.0,1519062.0,2045545.0,2073291.0,3782639.0,3177531.0,685606.0,4909093.0,3083726.0,3070775.0,1250757.0,565923.0,5220048.0,415041.0,1058070.0,761556.0,4840718.0,951699.0,1587199.0,9735970.0,5785975.0,1925287.0,2155796.0,6496665.0,575332.0,2449466.0,475509.0,3368561.0,14989957.0,1769061.0,4500493.0,345245.0,3999464.0,3089701.0,782525.0,293699.0
2023-01-01,355142.0,2288368.0,1373114.0,3633940.0,19397463.0,3203552.0,1902677.0,397040.0,505119.0,10878670.0,5320486.0,679675.0,1706315.0,959609.0,6476104.0,3408240.0,1521870.0,2047921.0,2077267.0,3787119.0,3180518.0,686848.0,4927651.0,3090481.0,3077422.0,1250499.0,567491.0,5231614.0,415972.0,1059211.0,761306.0,4852074.0,954840.0,1590787.0,9758797.0,5797301.0,1932920.0,2156816.0,6506096.0,575611.0,2458323.0,476310.0,3372206.0,15048359.0,1774958.0,4516542.0,346044.0,4005736.0,3095519.0,783744.0,293931.0
2023-02-01,355844.0,2294352.0,1375674.0,3644062.0,19424892.0,3211446.0,1902730.0,398643.0,506482.0,10914538.0,5332484.0,680335.0,1707144.0,962161.0,6482109.0,3415237.0,1524254.0,2050716.0,2080608.0,3794157.0,3184023.0,688214.0,4946516.0,3097824.0,3084573.0,1250513.0,569152.0,5243949.0,416788.0,1060708.0,761287.0,4862743.0,958198.0,1594435.0,9782303.0,5808648.0,1940548.0,2159193.0,6516192.0,576307.0,2467184.0,477195.0,3378480.0,15101782.0,1780681.0,4529685.0,346805.0,4011538.0,3103045.0,784918.0,294115.0
2023-03-01,356486.0,2300332.0,1378179.0,3654621.0,19448862.0,3218615.0,1903379.0,400244.0,507776.0,10949760.0,5343535.0,680926.0,1708122.0,964799.0,6487941.0,3420633.0,1525910.0,2053097.0,2081696.0,3798536.0,3187088.0,689724.0,4964872.0,3104312.0,3091842.0,1250656.0,570488.0,5254629.0,417340.0,1062265.0,761319.0,4871773.0,961385.0,1597845.0,9805337.0,5818417.0,1947532.0,2161570.0,6525440.0,577073.0,2475335.0,478070.0,3385973.0,15147599.0,1785924.0,4538781.0,347478.0,4016941.0,3111094.0,785975.0,294197.0
2023-04-01,357042.0,2305796.0,1380619.0,3664855.0,19474196.0,3224491.0,1904498.0,401630.0,508959.0,10980669.0,5354129.0,681347.0,1709028.0,967231.0,6494207.0,3423803.0,1526818.0,2054577.0,2080629.0,3800038.0,3189021.0,691300.0,4982002.0,3109077.0,3098680.0,1250752.0,571271.0,5262555.0,417609.0,1063624.0,761262.0,4878412.0,964021.0,1600859.0,9825999.0,5826255.0,1953808.0,2163329.0,6533104.0,577829.0,2482090.0,478857.0,3392731.0,15185791.0,1790471.0,4543829.0,348085.0,4021858.0,3118367.0,786987.0,294143.0
2023-05-01,357518.0,2310109.0,1382999.0,3674189.0,19497204.0,3228455.0,1905950.0,402870.0,509958.0,11009242.0,5364469.0,681405.0,1709645.0,969348.0,6501994.0,3424666.0,1527100.0,2055157.0,2078863.0,3806888.0,3195699.0,692821.0,4997528.0,3111989.0,3104914.0,1250869.0,571532.0,5268180.0,417707.0,1064667.0,761154.0,4882307.0,965856.0,1603677.0,9842980.0,5832453.0,1959533.0,2164413.0,6539628.0,578723.0,2487384.0,479482.0,3397770.0,15217003.0,1794284.0,4545851.0,348664.0,4025537.0,3124173.0,787999.0,293965.0
2023-06-01,357944.0,2313985.0,1385367.0,3682825.0,19518556.0,3231074.0,1907979.0,404211.0,510760.0,11031953.0,5373837.0,681185.0,1710012.0,971413.0,6512541.0,3424446.0,1527209.0,2055532.0,2077071.0,3811789.0,3197822.0,694347.0,5011754.0,3113646.0,3110173.0,1250936.0,571651.0,5272755.0,417784.0,1065528.0,761245.0,4884148.0,967165.0,1606704.0,9857028.0,5838462.0,1965162.0,2165743.0,6547562.0,579651.0,2492237.0,479987.0,3402132.0,15244901.0,1797821.0,4546634.0,349233.0,4028298.0,3128825.0,788969.0,293777.0
2023-07-01,358370.0,2318367.0,1387843.0,3690984.0,19531760.0,3233389.0,1910338.0,405769.0,511389.0,11052215.0,5382888.0,680780.0,1710313.0,973731.0,6526175.0,3424585.0,1527410.0,2056351.0,2076816.0,3819263.0,3199369.0,695822.0,5024238.0,3114079.0,3113983.0,1250643.0,572044.0,5277884.0,417976.0,1066296.0,761624.0,4885306.0,968281.0,1610161.0,9869841.0,5845230.0,1971059.0,2168477.0,6559103.0,580924.0,2497733.0,480399.0,3407538.0,15272807.0,1801357.0,4548081.0,349841.0,4030506.0,3132664.0,789859.0,293633.0
2023-08-01,358693.0,2322522.0,1390261.0,3698145.0,19546854.0,3235781.0,1912325.0,407401.0,511744.0,11070672.0,5390989.0,680419.0,1710096.0,976205.0,6541323.0,3425609.0,1527689.0,2057641.0,2078287.0,3831242.0,3203608.0,697017.0,5033232.0,3113138.0,3116709.0,1250444.0,572723.0,5283163.0,418362.0,1066957.0,762105.0,4885787.0,969266.0,1613655.0,9880115.0,5852110.0,1976843.0,2171937.0,6572672.0,582589.0,2503765.0,480739.0,3413680.0,15300049.0,1804589.0,4550512.0,350471.0,4033087.0,3135455.0,790617.0,293469.0
2023-09-01,358801.0,2326517.0,1392378.0,3704072.0,19559854.0,3238299.0,1913825.0,408841.0,511775.0,11082946.0,5396838.0,680099.0,1708902.0,978566.0,6555746.0,3427459.0,1528207.0,2059466.0,2080671.0,3841846.0,3203674.0,697875.0,5037890.0,3111267.0,3118511.0,1250647.0,573494.0,5287148.0,418903.0,1067613.0,762630.0,4885370.0,970135.0,1616788.0,9887061.0,5858373.0,1982064.0,2174840.0,6585926.0,584402.0,2509828.0,481100.0,3418738.0,15325854.0,1807318.0,4552761.0,351060.0,4035345.0,3137090.0,791264.0,293250.0
2023-10-01,358696.0,2330433.0,1394182.0,3708620.0,19580260.0,3240811.0,1915121.0,410056.0,511498.0,11092447.0,5401581.0,679974.0,1707066.0,980698.0,6567691.0,3429273.0,1528968.0,2061972.0,2083356.0,3853557.0,3209295.0,698531.0,5039052.0,3109395.0,3121364.0,1251224.0,574197.0,5289471.0,419506.0,1068230.0,763288.0,4884539.0,971112.0,1619393.0,9890984.0,5863830.0,1986314.0,2176915.0,6597206.0,586323.0,2515387.0,481440.0,3422157.0,15349726.0,1809465.0,4554674.0,351598.0,4037664.0,3137728.0,791822.0,292972.0
2023-11-01,358499.0,2334635.0,1395682.0,3711906.0,19584613.0,3243517.0,1916544.0,411144.0,511012.0,11097059.0,5403856.0,679586.0,1704615.0,982660.0,6576555.0,3430815.0,1529998.0,2065281.0,2085381.0,3863278.0,3213185.0,699180.0,5038680.0,3108823.0,3122912.0,1251781.0,574714.0,5290433.0,420033.0,1068802.0,764216.0,4884646.0,972235.0,1621615.0,9892851.0,5868441.0,1989402.0,2178691.0,6605331.0,588163.0,2520352.0,481700.0,3424700.0,15373520.0,1811183.0,4555397.0,352067.0,4037602.0,3137886.0,792205.0,292675.0
2023-12-01,358351.0,2337920.0,1397187.0,3714194.0,19611825.0,3246547.0,1918201.0,412037.0,510456.0,11099868.0,5406490.0,679576.0,1702483.0,984466.0,6584716.0,3432596.0,1531298.0,2069064.0,2086414.0,3873465.0,3221161.0,699941.0,5038027.0,3110004.0,3125217.0,1252984.0,575021.0,5290971.0,420506.0,1069301.0,765266.0,4885869.0,973648.0,1623639.0,9894409.0,5873379.0,1991359.0,2180538.0,6609695.0,589859.0,2524883.0,481868.0,3426837.0,15399395.0,1812714.0,4555358.0,352572.0,4038763.0,3137952.0,792399.0,292425.0
2024-01-01,358314.0,2341587.0,1398700.0,3715794.0,19611227.0,3249473.0,1920171.0,412592.0,509953.0,11100291.0,5408092.0,679214.0,1701001.0,986066.0,6592588.0,3435203.0,1532921.0,2072833.0,2085788.0,3881436.0,3225487.0,700831.0,5037855.0,3112774.0,3126116.0,1254189.0,575231.0,5291403.0,420903.0,1069771.0,766238.0,4887577.0,975151.0,1625601.0,9894797.0,5878180.0,1992262.0,2182307.0,6609810.0,591198.0,2529376.0,482012.0,3428697.0,15429166.0,1814243.0,4553867.0,352940.0,4037506.0,3138074.0,792451.0,292250.0
2024-02-01,358460.0,2344465.0,1400714.0,3718051.0,19611939.0,3252551.0,1922476.0,412926.0,509680.0,11102273.0,5411667.0,679107.0,1700854.0,987762.0,6603199.0,3439531.0,1535158.0,2076734.0,2084625.0,3891422.0,3230773.0,701899.0,5040060.0,3117171.0,3128566.0,1256504.0,575616.0,5292579.0,421392.0,1070453.0,767139.0,4890460.0,976709.0,1628061.0,9897589.0,5886425.0,1992783.0,2184176.0,6606786.0,592319.0,2534679.0,482266.0,3431341.0,15464756.0,1816218.0,4552678.0,353209.0,4037206.0,3138813.0,792475.0,292186.0
2024-03-01,358813.0,2347252.0,1403289.0,3721752.0,19617893.0,3256027.0,1925045.0,413166.0,509669.0,11106525.0,5416847.0,679390.0,1702088.0,989837.0,6616478.0,3445818.0,1538092.0,2081075.0,2084166.0,3900976.0,3234164.0,703155.0,5045007.0,3122769.0,3132019.0,1259672.0,576350.0,5294790.0,422067.0,1071551.0,768071.0,4895118.0,978138.0,1631187.0,9904307.0,5897533.0,1993556.0,2186324.0,6602101.0,593238.0,2541500.0,482692.0,3436116.0,15504849.0,1818781.0,4552210.0,353394.0,4038195.0,3140139.0,792466.0,292234.0
2024-04-01,359345.0,2350202.0,1406254.0,3726761.0,19638180.0,3259976.0,1927691.0,413275.0,509862.0,11113287.0,5423031.0,680196.0,1704384.0,992304.0,6630564.0,3453887.0,1541458.0,2085857.0,2084820.0,3910936.0,3236735.0,704564.0,5051791.0,3128586.0,3136404.0,1263512.0,577398.0,5297456.0,422930.0,1073087.0,769086.0,4900580.0,979452.0,1634683.0,9914778.0,5909763.0,1994846.0,2188533.0,6596095.0,593992.0,2549807.0,483308.0,3443236.0,15547567.0,1821796.0,4552271.0,353587.0,4040906.0,3141624.0,792300.0,292361.0
2024-05-01,359970.0,2353106.0,1409402.0,3732625.0,19673274.0,3264467.0,1930318.0,413259.0,510213.0,11122051.0,5429535.0,681401.0,1707124.0,994993.0,6643662.0,3463227.0,1544960.0,2090981.0,2086574.0,3920289.0,3240926.0,706070.0,5059075.0,3133745.0,3141943.0,1268165.0,578566.0,5300022.0,423915.0,1074985.0,770110.0,4905629.0,980744.0,1638289.0,9927285.0,5922108.0,1996551.0,2190845.0,6589474.0,594534.0,2558925.0,484090.0,3451411.0,15590962.0,1825022.0,4552841.0,353797.0,4044596.0,3143322.0,791963.0,292521.0
2024-06-01,360554.0,2356478.0,1412275.0,3738461.0,19703210.0,3268553.0,1932464.0,413193.0,510608.0,11127717.0,5433380.0,682514.0,1709383.0,997430.0,6652901.0,3472328.0,1548236.0,2096009.0,2088698.0,3926808.0,3243030.0,707413.0,5065022.0,3137807.0,3146518.0,1272868.0,579439.0,5301411.0,424862.0,1077036.0,770962.0,4908702.0,981879.0,1641526.0,9937299.0,5932666.0,1998141.0,2192807.0,6581371.0,594706.0,2567402.0,484900.0,3458781.0,15630973.0,1827812.0,4553133.0,353904.0,4046264.0,3144858.0,791357.0,292613.0
2024-07-01,360954.0,2360530.0,1414569.0,3743709.0,19725484.0,3271217.0,1934186.0,413164.0,510948.0,11128004.0,5434127.0,683378.0,1710631.0,999252.0,6657256.0,3479960.0,1551110.0,2100537.0,2090335.0,3930779.0,3245097.0,708382.0,5068756.0,3141098.0,3149358.0,1277235.0,579661.0,5300665.0,425630.0,1078999.0,771573.0,4908756.0,982694.0,1644095.0,9942561.0,5941030.0,1999324.0,2193934.0,6571138.0,594565.0,2573791.0,485620.0,3464192.0,15665161.0,1829745.0,4552811.0,353868.0,4045255.0,3145758.0,790414.0,292583.0
2024-08-01,361241.0,2364919.0,1416510.0,3749144.0,19740428.0,3272972.0,1936144.0,413239.0,511308.0,11124952.0,5432917.0,684066.0,1711895.0,1000682.0,6658576.0,3486627.0,1553705.0,2104458.0,2090922.0,3933101.0,3247286.0,709065.0,5071389.0,3144358.0,3150836.0,1281499.0,579321.0,5298793.0,426197.0,1080959.0,772153.0,4906661.0,983469.0,1646278.0,9944781.0,5948275.0,2000628.0,2195285.0,6560780.0,594377.0,2577914.0,486273.0,3468960.0,15695870.0,1831154.0,4552984.0,353798.0,4042610.0,3146428.0,789243.0,292485.0
2024-09-01,361522.0,2369298.0,1418270.0,3755057.0,19739738.0,3274045.0,1938215.0,413560.0,511724.0,11120132.0,5429124.0,684509.0,1714009.0,1001939.0,6657532.0,3492639.0,1555966.0,2107433.0,2090393.0,3935220.0,3245137.0,709455.0,5073576.0,3147710.0,3150245.0,1285448.0,578616.0,5296912.0,426589.0,1082969.0,772732.0,4903661.0,984368.0,1648253.0,9945041.0,5953993.0,2002153.0,2197586.0,6551356.0,594297.0,2580056.0,486854.0,3474605.0,15723350.0,1832233.0,4553411.0,353705.0,4039037.0,3146941.0,787891.0,292307.0
2024-10-01,361833.0,2372572.0,1419842.0,3761189.0,19748657.0,3274230.0,1939945.0,414091.0,512133.0,11116877.0,5425189.0,685209.0,1716983.0,1002913.0,6654765.0,3497485.0,1557847.0,2109114.0,2089020.0,3937670.0,3246054.0,709513.0,5075135.0,3150789.0,3151313.0,1289297.0,577650.0,5294735.0,426909.0,1084937.0,773196.0,4900103.0,985336.0,1649918.0,9944825.0,5959154.0,2003563.0,2200236.0,6542450.0,594317.0,2580702.0,487413.0,3480823.0,15745766.0,1832988.0,4553527.0,353576.0,4037685.0,3146548.0,786361.0,291996.0
2024-11-01,362242.0,2374942.0,1421285.0,3767683.0,19754660.0,3273918.0,1941347.0,414640.0,512561.0,11115854.0,5421199.0,686051.0,1720593.0,1003692.0,6650971.0,3501124.0,1559540.0,2109809.0,2087210.0,3939859.0,3246299.0,709331.0,5075936.0,3153783.0,3152923.0,1292768.0,576707.0,5292575.0,427241.0,1086872.0,773525.0,4897135.0,986202.0,1651499.0,9946572.0,5963937.0,2005073.0,2202614.0,6535011.0,594365.0,2580903.0,488016.0,3487578.0,15764862.0,1833714.0,4552686.0,353340.0,4037927.0,3144871.0,784869.0,291570.0
2024-12-01,362787.0,2376888.0,1422853.0,3774525.0,19760542.0,3273572.0,1942536.0,415050.0,513052.0,11117838.0,5416920.0,686967.0,1724571.0,1004459.0,6646902.0,3503731.0,1561191.0,2110182.0,2085904.0,3944592.0,3243372.0,709097.0,5075879.0,3157318.0,3154798.0,1295339.0,576072.0,5291164.0,427648.0,1088834.0,773825.0,4896083.0,986879.0,1653296.0,9951364.0,5968356.0,2006998.0,2204486.0,6530187.0,594457.0,2581780.0,488659.0,3495761.0,15783877.0,1834676.0,4550910.0,352963.0,4039714.0,3141925.0,783580.0,291095.0
2025-01-01,363404.0,2378428.0,1424605.0,3781221.0,19764218.0,3273054.0,1943229.0,415267.0,513593.0,11122059.0,5413520.0,687691.0,1728750.0,1005274.0,6642057.0,3505623.0,1562875.0,2110828.0,2085865.0,3949077.0,3240310.0,708929.0,5074356.0,3161050.0,3157040.0,1296727.0,575806.0,5290467.0,428148.0,1090809.0,774179.0,4896874.0,987201.0,1655393.0,9958025.0,5970790.0,2009517.0,2206067.0,6527997.0,594600.0,2583848.0,489306.0,3504751.0,15803242.0,1835953.0,4548415.0,352477.0,4042117.0,3137979.0,782497.0,290644.0
2025-02-01,363992.0,2378799.0,1426309.0,3786676.0,19776833.0,3271788.0,1943157.0,415242.0,514112.0,11124800.0,5411608.0,688219.0,1732609.0,1005997.0,6635312.0,3506813.0,1564514.0,2111807.0,2086707.0,3951911.0,3238817.0,708807.0,5070373.0,3164052.0,3159748.0,1297217.0,575849.0,5290213.0,428674.0,1092681.0,774517.0,4898132.0,987239.0,1657490.0,9963936.0,5970269.0,2012211.0,2207668.0,6527115.0,594693.0,2586704.0,489890.0,3512707.0,15820568.0,1837227.0,4545016.0,351900.0,4045299.0,3133287.0,781590.0,290232.0
2025-03-01,364434.0,2378342.0,1427746.0,3790098.0,19783947.0,3269236.0,1942185.0,414897.0,514548.0,11121794.0,5409334.0,688191.0,1735217.0,1006408.0,6624703.0,3507325.0,1566037.0,2112671.0,2087357.0,3952593.0,3235825.0,708694.0,5063179.0,3165998.0,3161383.0,1296500.0,576124.0,5290074.0,429102.0,1094366.0,774779.0,4898440.0,986996.0,1659140.0,9966391.0,5966660.0,2014439.0,2209519.0,6525771.0,594638.0,2589659.0,490373.0,3518464.0,15834371.0,1837999.0,4540405.0,351166.0,4047126.0,3128043.0,780816.0,289805.0
2025-04-01,364680.0,2377299.0,1429050.0,3792200.0,19792412.0,3265416.0,1940412.0,414252.0,514928.0,11112016.0,5407544.0,687779.0,1736357.0,1006555.0,6610845.0,3507483.0,1567609.0,2113284.0,2087432.0,3951418.0,3233050.0,708568.0,5053176.0,3167062.0,3161876.0,1295155.0,576503.0,5289955.0,429401.0,1095866.0,774917.0,4897988.0,986389.0,1660384.0,9966421.0,5961335.0,2016136.0,2211460.0,6523912.0,594507.0,2592395.0,490782.0,3522012.0,15845628.0,1838168.0,4535111.0,350363.0,4047911.0,3122374.0,780258.0,289328.0
2025-05-01,364733.0,2375367.0,1430261.0,3794357.0,19810355.0,3261371.0,1938120.0,413222.0,515273.0,11097235.0,5407664.0,687381.0,1736268.0,1006605.0,6595687.0,3508068.0,1569404.0,2113717.0,2086561.0,3949636.0,3234236.0,708353.0,5041830.0,3168185.0,3162368.0,1294436.0,576836.0,5289914.0,429604.0,1097161.0,774909.0,4897944.0,985461.0,1661117.0,9966598.0,5954968.0,2017934.0,2213343.0,6521592.0,594412.0,2594540.0,491216.0,3524620.0,15858126.0,1837840.0,4529699.0,349680.0,4048701.0,3115700.0,779991.0,288794.0
2025-06-01,364769.0,2374605.0,1431816.0,3797619.0,19818339.0,3258203.0,1935981.0,411850.0,515621.0,11082777.0,5408413.0,686897.0,1735617.0,1006770.0,6580997.0,3509583.0,1571473.0,2114206.0,2085577.0,3948218.0,3233598.0,708146.0,5031033.0,3170280.0,3162002.0,1294097.0,577151.0,5290942.0,429864.0,1098372.0,774903.0,4899596.0,984485.0,1662107.0,9970634.0,5947621.0,2020199.0,2215494.0,6521090.0,594381.0,2597055.0,491756.0,3527455.0,15875182.0,1837615.0,4524672.0,349178.0,4048655.0,3108912.0,780168.0,288285.0
2025-07-01,365105.0,2375655.0,1434815.0,3802368.0,19836296.0,3255953.0,1934347.0,410461.0,516023.0,11076857.0,5413580.0,686826.0,1735819.0,1007286.0,6568380.0,3510853.0,1574003.0,2115132.0,2087188.0,3946177.0,3233639.0,708211.0,5020617.0,3173356.0,3163431.0,1294461.0,577577.0,5294737.0,430490.0,1099878.0,775092.0,4903658.0,983892.0,1665487.0,9986380.0,5941374.0,2022048.0,2217910.0,6526708.0,594146.0,2602867.0,492428.0,3531436.0,15897795.0,1838332.0,4520733.0,348673.0,4050631.0,3104739.0,780875.0,287945.0
2025-08-01,365769.0,2378765.0,1438959.0,3807590.0,19850185.0,3254443.0,1933239.0,409378.0,516415.0,11080810.0,5421660.0,687027.0,1737046.0,1008027.0,6559231.0,3510718.0,1576650.0,2116407.0,2091807.0,3943000.0,3231872.0,708528.0,5011265.0,3176798.0,3166120.0,1294995.0,578036.0,5300672.0,431457.0,1101540.0,775433.0,4909106.0,983709.0,1671237.0,10012631.0,5936935.0,2022719.0,2219738.0,6537899.0,593565.0,2611841.0,493112.0,3536188.0,15921704.0,1839933.0,4517843.0,348063.0,4053622.0,3104218.0,781869.0,287825.0
2025-09-01,366639.0,2383172.0,1443627.0,3812476.0,19856618.0,3253988.0,1933063.0,408743.0,516798.0,11093357.0,5430828.0,687361.0,1739237.0,1008929.0,6555136.0,3509507.0,1579116.0,2118090.0,2098614.0,3939694.0,3227159.0,709123.0,5004120.0,3180407.0,3169132.0,1295547.0,578570.0,5308050.0,432619.0,1103170.0,775952.0,4915086.0,983988.0,1678448.0,10044581.0,5935238.0,2022471.0,2221014.0,6552836.0,592799.0,2622603.0,493705.0,3541397.0,15944844.0,1842268.0,4516628.0,347408.0,4056992.0,3107251.0,782955.0,287963.0
2025-11-01,367709.0,2387873.0,1448832.0,3815687.0,19878800.0,3254030.0,1933758.0,408918.0,517116.0,11116493.0,5442066.0,688042.0,1743419.0,1010002.0,6557672.0,3506474.0,1581114.0,2120091.0,2108081.0,3935591.0,3222693.0,710100.0,4998918.0,3182913.0,3175775.0,1296031.0,579266.0,5317047.0,433994.0,1104807.0,776708.0,4919896.0,985100.0,1687305.0,10081101.0,5936926.0,2020442.0,2221743.0,6571286.0,591783.0,2635089.0,494081.0,3546463.0,15962121.0,1845293.0,4518582.0,346688.0,4062809.0,3115444.0,783871.0,288447.0
2025-12-01,367671.0,2387810.0,1448666.0,3814917.0,19878043.0,3254073.0,1933851.0,409140.0,517069.0,11117284.0,5441402.0,688037.0,1743797.0,1009937.0,6559867.0,3506135.0,1580822.0,2119991.0,2108050.0,3935586.0,3221708.0,710128.0,4999837.0,3182266.0,3175358.0,1295784.0,579238.0,5316660.0,433968.0,1104681.0,776712.0,4919038.0,985342.0,1687017.0,10080281.0,5937500.0,2020051.0,2221552.0,6570655.0,591788.0,2634542.0,493994.0,3545878.0,15958627.0,1845208.0,4519825.0,346776.0,4062730.0,3116196.0,783736.0,288499.0
2026-01-01,368676.0,2387630.0,1451314.0,3814212.0,19861662.0,3248790.0,1931253.0,407975.0,516219.0,11123760.0,5445643.0,688022.0,1743617.0,1009819.0,6560516.0,3503591.0,1579509.0,2114539.0,2112820.0,3926744.0,3214795.0,709117.0,4992846.0,3177776.0,3177918.0,1293479.0,579463.0,5313331.0,434885.0,1104514.0,777396.0,4918046.0,985170.0,1694200.0,10104607.0,5932407.0,2018658.0,2218136.0,6582900.0,590980.0,2646468.0,493467.0,3541853.0,15955231.0,1844105.0,4518567.0,345430.0,4065082.0,3121154.0,782645.0,288454.0
2026-02-01,369379.0,2386304.0,1454559.0,3800676.0,19826577.0,3238456.0,1929141.0,406902.0,514718.0,11141202.0,5451101.0,687830.0,1741535.0,1008136.0,6570062.0,3498263.0,1578265.0,2108665.0,2117818.0,3915271.0,3211231.0,708316.0,4983743.0,3169201.0,3177115.0,1292634.0,578837.0,5311680.0,435642.0,1104314.0,777213.0,4912673.0,983967.0,1698029.0,10118757.0,5929736.0,2014158.0,2214220.0,6587586.0,588904.0,2658086.0,492816.0,3532590.0,15941826.0,1840984.0,4513203.0,344047.0,4066446.0,3126595.0,782052.0,288501.0
