observation_date,AKLEIH,ALLEIH,ARLEIH,AZLEIH,CALEIH,COLEIH,CTLEIH,DCLEIH,DELEIH,FLLEIH,GALEIH,HILEIH,IALEIH,IDLEIH,ILLEIH,INLEIH,KSLEIH,KYLEIH,LALEIH,MALEIH,MDLEIH,MELEIH,MILEIH,MNLEIH,MOLEIH,MSLEIH,MTLEIH,NCLEIH,NDLEIH,NELEIH,NHLEIH,NJLEIH,NMLEIH,NVLEIH,NYLEIH,OHLEIH,OKLEIH,ORLEIH,PALEIH,RILEIH,SCLEIH,SDLEIH,TNLEIH,TXLEIH,UTLEIH,VALEIH,VTLEIH,WALEIH,WILEIH,WVLEIH,WYLEIH
2015-01-01,34.9,186.9,109.4,295.9,1792.2,306.4,150.9,73.8,47.8,1111.5,438.9,117.3,139.4,67.0,565.2,298.0,125.3,185.8,226.0,348.3,264.5,64.0,410.4,255.8,289.7,126.8,61.4,453.4,41.0,87.5,67.8,355.1,92.0,339.9,889.0,532.0,158.7,187.4,540.5,56.3,235.0,45.6,302.1,1211.5,130.9,380.0,36.1,302.6,267.6,74.5,36.1
2015-02-01,35.0,188.1,110.2,295.2,1799.9,308.6,150.5,72.8,47.9,1116.0,442.1,117.2,139.8,66.9,568.6,298.3,125.7,185.9,226.8,345.5,265.2,63.6,410.3,256.4,290.8,127.4,61.8,455.1,41.0,87.9,67.4,356.0,92.2,340.5,889.8,532.9,159.4,188.6,541.1,55.0,236.3,45.9,303.1,1219.0,131.4,380.1,36.0,303.8,267.4,74.4,36.2
2015-03-01,35.0,187.8,109.2,296.2,1806.2,309.0,150.7,72.6,47.9,1119.9,442.2,117.1,140.0,67.5,568.9,298.3,125.2,184.1,226.6,346.9,263.2,63.9,410.7,256.9,289.3,127.0,62.0,454.2,40.9,88.1,68.1,355.0,92.5,340.5,891.9,533.3,158.6,189.0,539.3,55.4,236.4,45.9,301.7,1220.2,132.0,378.5,36.4,304.9,268.8,73.9,36.2
2015-04-01,34.9,188.3,109.8,297.3,1809.3,310.4,151.2,71.8,47.9,1121.1,443.1,117.3,139.4,67.0,572.8,298.8,124.9,185.8,226.4,346.2,265.1,64.0,408.6,257.5,289.8,128.1,62.0,454.0,40.9,87.2,68.0,355.5,92.8,340.1,893.5,535.0,160.1,189.2,541.5,55.8,236.6,45.7,305.4,1227.9,131.7,382.3,36.3,304.5,269.2,74.4,36.4
2015-05-01,35.5,189.3,111.3,297.7,1818.4,312.3,152.0,72.5,49.1,1125.3,444.9,117.9,140.6,67.9,577.8,300.1,124.8,187.0,227.0,353.9,268.6,64.9,413.7,259.5,292.6,128.6,62.5,457.2,41.1,88.0,69.3,359.8,92.9,340.3,903.2,538.7,161.3,190.4,545.1,57.0,236.9,46.1,308.2,1235.2,132.6,384.8,36.3,308.0,270.3,74.5,36.2
2015-06-01,35.0,189.6,111.4,298.5,1822.6,312.6,151.4,72.8,48.7,1131.4,447.4,117.8,140.8,68.0,579.0,301.0,125.7,187.4,227.4,349.4,267.2,64.2,412.7,259.9,292.2,128.7,62.2,459.7,40.9,88.3,68.5,356.6,92.9,340.2,898.1,538.4,162.8,191.1,545.0,55.9,237.5,46.0,308.4,1240.5,133.4,386.5,36.0,310.4,270.4,74.4,36.3
2015-07-01,34.9,190.4,111.9,299.1,1831.8,313.4,150.9,73.1,49.0,1135.0,448.0,118.4,141.0,68.6,579.8,300.9,126.0,188.0,228.5,350.7,268.5,64.5,414.8,259.7,293.2,129.3,62.5,461.1,40.6,88.5,68.8,360.0,93.1,340.4,902.8,539.5,162.9,192.1,545.6,56.3,238.8,46.2,308.4,1246.8,133.9,390.0,35.7,311.6,270.3,74.6,36.2
2015-08-01,34.9,190.7,112.3,300.2,1839.1,314.4,150.3,73.7,49.1,1139.9,450.1,118.9,141.2,68.8,581.1,301.4,126.2,188.1,228.6,351.7,268.8,64.6,414.7,259.8,293.4,129.4,62.8,461.9,40.6,88.6,68.7,360.5,93.0,340.6,904.2,541.2,163.3,192.8,546.5,56.3,239.3,46.2,309.4,1251.2,134.4,391.9,36.0,313.3,270.8,74.5,36.0
2015-09-01,35.3,191.9,113.3,300.2,1846.4,316.5,151.3,73.3,49.2,1145.2,453.9,119.0,141.5,69.5,584.0,302.3,126.4,189.3,229.4,351.8,268.9,64.9,417.8,261.1,295.3,129.9,63.2,464.7,40.7,89.5,69.0,363.1,93.3,341.3,909.4,545.4,163.0,193.5,550.1,56.8,239.5,46.4,310.9,1257.9,134.7,394.6,36.3,313.8,272.0,74.9,36.4
2015-10-01,35.1,192.8,113.6,301.9,1854.2,316.5,151.8,73.0,48.7,1152.5,454.7,119.4,141.7,69.6,586.6,302.6,126.8,189.8,230.5,352.7,268.9,65.2,417.4,262.3,295.3,130.8,63.5,465.8,40.5,89.1,69.0,363.1,93.7,342.8,908.9,543.4,163.8,194.2,549.8,56.7,241.3,46.3,311.9,1262.0,135.2,394.6,36.3,315.6,273.5,74.7,36.0
2015-11-01,34.8,193.7,114.0,302.4,1857.0,318.0,151.6,73.6,49.0,1157.3,455.8,119.9,141.9,69.7,589.4,303.1,126.9,191.1,231.1,354.3,269.1,65.2,417.4,262.5,296.8,130.8,63.7,467.1,40.7,89.3,69.0,365.2,94.1,342.4,909.6,546.3,164.4,194.9,550.9,56.9,242.5,46.5,313.4,1264.0,135.6,396.2,36.4,315.5,274.8,74.8,35.9
2015-12-01,35.1,194.5,114.8,303.7,1866.5,318.3,151.7,75.1,49.3,1164.3,458.0,120.4,142.3,70.5,594.2,303.9,127.1,191.5,232.5,355.9,271.3,64.8,417.5,263.2,297.6,131.6,63.8,470.5,40.4,89.8,68.8,369.1,94.4,341.6,911.8,547.2,164.3,195.1,550.3,57.1,243.8,46.6,314.5,1267.6,135.3,397.5,35.9,316.1,274.9,75.4,35.9
2016-01-01,35.2,194.5,113.8,303.9,1873.4,319.1,151.7,73.8,48.7,1163.0,458.6,120.4,141.7,71.0,593.3,303.7,126.8,191.0,231.9,356.3,270.9,65.2,420.3,263.3,296.7,131.9,63.7,473.0,40.3,89.4,69.2,364.9,94.8,341.9,910.3,549.6,164.5,196.3,550.7,57.2,243.7,46.6,315.2,1274.0,135.9,396.0,35.8,317.1,273.7,75.0,35.6
2016-02-01,35.2,195.4,114.4,305.4,1878.6,320.6,152.8,74.6,49.0,1166.5,459.3,120.9,142.1,71.5,592.6,304.7,127.4,191.1,231.2,358.1,270.8,65.5,422.3,263.3,297.6,132.5,64.0,474.5,39.8,89.5,69.7,366.7,95.4,342.3,912.5,548.8,164.9,197.7,554.0,56.9,244.5,46.5,315.7,1279.5,136.4,397.7,36.0,319.2,275.0,74.7,35.6
2016-03-01,35.2,196.3,114.9,305.1,1877.7,320.8,153.6,74.3,49.1,1166.5,459.6,120.8,142.6,71.5,592.8,305.6,127.2,192.0,232.5,359.3,271.1,65.5,422.2,264.2,298.6,132.6,63.8,476.0,40.2,90.0,69.4,368.7,95.0,341.5,918.4,549.8,165.3,198.3,557.1,57.6,246.1,46.6,316.9,1281.2,136.8,399.9,35.7,319.9,274.4,74.6,35.7
2016-04-01,35.3,197.0,115.4,307.0,1890.9,321.1,153.1,74.2,49.8,1167.8,464.5,121.6,143.0,71.4,595.9,306.9,127.7,193.7,232.9,361.1,272.0,65.9,424.6,265.2,300.5,132.5,64.3,480.7,40.4,90.4,69.5,369.1,94.8,343.5,923.1,550.3,164.6,199.0,557.3,57.6,246.3,46.7,318.1,1285.2,137.6,400.8,34.6,320.9,275.9,74.3,35.6
2016-05-01,35.7,197.5,115.6,308.7,1891.9,321.7,153.9,74.3,49.3,1170.5,466.3,121.9,142.4,71.4,594.8,306.7,127.5,193.6,233.2,361.0,271.3,65.7,423.7,264.0,299.9,132.4,64.4,479.2,40.1,90.0,69.0,369.1,95.6,343.7,917.5,550.6,164.0,199.3,556.7,57.6,247.4,46.4,318.0,1288.0,137.6,400.2,36.2,321.4,275.8,74.3,35.6
2016-06-01,35.4,197.1,115.3,308.5,1892.9,322.2,153.8,74.5,49.0,1171.8,466.6,122.1,142.4,72.0,595.3,306.9,127.5,194.0,232.6,361.5,271.4,65.3,423.9,264.1,300.0,132.0,64.0,479.3,39.7,89.9,69.4,370.2,95.5,345.2,917.0,549.8,163.4,199.7,553.9,57.8,247.8,46.3,319.4,1289.1,138.4,401.0,36.4,321.4,274.8,74.2,36.1
2016-07-01,35.4,197.5,115.4,310.9,1906.2,324.2,154.3,74.3,49.6,1176.6,466.6,122.5,142.5,72.5,597.5,307.4,127.4,194.8,232.3,363.4,271.4,66.2,426.7,265.4,299.2,133.3,64.5,479.4,39.7,90.6,69.7,371.2,96.0,346.2,924.2,552.6,165.5,200.5,558.3,57.8,248.7,46.8,320.5,1290.2,140.0,401.8,36.9,324.5,276.1,74.2,35.9
2016-08-01,35.7,198.1,115.9,312.1,1911.3,326.6,154.3,74.2,49.5,1178.2,468.0,123.1,142.6,72.8,597.7,307.9,127.7,195.2,231.0,364.0,272.5,66.4,426.4,266.3,299.5,133.3,64.5,480.5,39.7,90.8,70.1,371.4,95.9,347.4,924.7,552.7,165.8,199.9,559.1,57.7,249.0,46.8,320.5,1293.6,139.3,402.8,36.7,325.1,277.2,74.1,36.2
2016-09-01,35.2,199.2,116.0,312.8,1916.5,326.0,154.6,74.8,49.9,1185.9,471.2,123.4,142.8,72.9,600.9,308.9,127.5,195.7,231.4,364.9,274.2,66.1,428.2,266.7,300.3,134.0,65.0,483.8,40.3,91.5,71.3,371.7,96.3,347.8,926.8,553.8,165.8,201.2,560.6,57.9,248.9,46.9,322.6,1298.5,139.7,404.8,36.9,327.5,276.9,74.5,35.8
2016-10-01,34.9,198.8,115.7,314.2,1923.3,326.2,154.9,75.0,49.7,1184.5,470.8,123.9,143.3,73.4,601.7,307.0,128.1,194.8,231.3,361.6,274.3,67.1,427.4,268.0,300.0,133.6,64.9,482.5,39.9,91.2,70.1,370.8,95.5,346.7,925.2,554.4,166.4,201.5,559.9,57.8,246.9,47.1,322.5,1297.2,140.6,403.2,36.7,326.5,277.9,74.4,35.9
2016-11-01,35.2,199.6,115.5,313.6,1926.0,326.6,155.3,74.7,50.0,1188.0,473.2,123.8,143.7,73.7,606.4,308.3,128.1,194.8,230.9,364.0,278.8,67.5,429.7,268.0,299.5,134.2,65.0,486.6,39.9,91.0,70.6,371.8,95.6,347.4,929.6,557.8,166.0,202.0,561.5,57.9,250.1,47.1,323.1,1300.5,140.5,404.6,36.7,326.9,277.8,74.2,36.1
2016-12-01,35.3,199.3,116.0,313.7,1928.5,327.4,155.8,74.9,49.8,1189.8,473.3,124.4,142.5,73.9,601.2,306.5,127.8,194.6,230.7,364.1,279.0,66.9,427.3,266.1,299.7,134.0,64.8,487.7,40.0,90.9,69.9,371.4,96.1,347.9,932.2,555.7,166.1,202.3,560.0,57.8,250.6,46.9,324.6,1301.8,140.5,404.4,36.8,327.9,275.5,73.9,35.9
2017-01-01,35.2,200.5,116.1,314.2,1927.7,329.1,156.2,75.5,50.2,1195.4,471.3,125.1,143.1,73.7,604.3,308.7,127.6,196.1,230.7,364.9,279.2,67.4,429.6,269.3,301.2,133.9,64.5,480.4,40.1,91.3,70.2,372.0,95.9,350.5,937.8,556.3,165.5,202.0,562.2,57.9,251.0,47.0,325.8,1307.3,141.0,402.5,37.2,327.2,278.9,73.4,36.0
2017-02-01,35.1,200.8,116.4,315.7,1931.3,330.0,156.0,75.3,50.3,1193.5,472.6,126.0,143.4,74.3,607.5,309.0,128.9,198.0,232.5,365.1,281.5,67.4,431.2,270.0,304.2,134.0,64.4,484.0,40.1,92.0,69.8,373.6,96.0,352.0,941.6,558.9,166.0,203.8,564.1,57.9,252.3,47.1,327.1,1306.1,141.7,406.9,36.9,328.3,279.2,74.1,36.0
2017-03-01,35.2,201.6,116.6,317.6,1941.8,330.8,156.2,76.3,50.4,1197.8,474.9,126.6,143.3,74.8,609.4,308.5,130.0,198.5,232.1,366.8,281.2,67.6,430.9,271.7,304.6,134.0,65.0,489.2,40.2,91.7,70.5,373.1,96.4,353.1,940.4,559.2,166.9,204.3,563.2,58.0,254.0,47.1,327.4,1314.0,142.9,406.9,37.0,329.8,280.5,74.2,36.2
2017-04-01,35.4,201.6,116.3,320.2,1945.0,330.8,155.7,76.8,49.7,1201.6,476.2,126.8,143.3,74.7,609.6,309.6,127.7,197.9,231.6,369.0,281.1,67.5,432.6,271.0,302.6,134.7,65.1,492.6,40.4,91.9,70.6,374.1,95.9,351.6,943.5,560.2,167.9,205.4,566.3,57.9,252.4,47.7,327.6,1313.9,142.4,407.4,37.5,330.5,279.3,74.0,36.1
2017-05-01,35.8,201.9,115.7,319.6,1949.6,331.7,155.8,76.9,49.5,1204.0,476.8,127.0,142.2,75.0,610.5,308.1,127.7,197.8,232.1,367.6,280.3,67.4,431.9,269.6,302.1,135.0,65.1,496.4,39.9,91.3,70.7,376.1,96.0,350.5,950.2,558.3,166.5,205.5,565.1,58.2,253.8,47.0,328.0,1318.3,142.8,405.9,37.3,331.4,279.6,74.3,36.3
2017-06-01,35.9,202.3,115.5,320.0,1957.7,332.8,156.8,76.1,50.1,1208.8,478.1,127.5,142.9,75.6,612.3,307.6,128.0,196.9,232.7,371.1,280.2,67.9,433.2,271.0,303.4,134.8,65.3,497.1,40.1,92.1,70.8,376.8,96.6,348.2,951.5,559.6,168.3,207.0,566.7,58.6,254.7,46.9,328.9,1321.2,143.8,406.2,37.7,333.1,282.9,74.5,36.3
2017-07-01,35.6,202.9,115.5,320.0,1956.2,333.6,157.2,76.4,50.7,1207.9,477.9,127.5,142.7,75.4,611.3,307.1,128.1,195.7,233.3,370.0,279.3,67.5,432.1,270.7,302.9,135.3,64.8,497.4,40.2,91.9,71.1,376.2,96.1,347.2,952.7,560.5,167.4,207.3,566.0,58.3,254.8,46.7,328.7,1323.7,143.0,405.6,37.3,332.0,281.3,74.4,36.4
2017-08-01,35.7,203.3,116.4,320.3,1959.6,333.6,156.9,76.8,50.5,1208.7,480.0,127.7,142.9,75.9,614.7,307.7,128.3,195.2,233.2,369.4,279.6,67.6,433.3,270.5,304.1,134.9,65.2,499.3,40.4,92.2,71.2,377.3,96.1,346.1,958.7,562.6,167.4,207.4,567.9,58.6,255.2,46.8,329.8,1326.0,143.4,406.6,37.4,331.3,281.5,74.7,36.8
2017-09-01,35.4,203.1,116.9,321.7,1957.8,334.4,156.4,76.4,50.6,1168.5,478.5,127.7,143.5,76.2,613.3,307.2,128.8,196.1,235.4,369.0,278.9,68.1,432.6,271.5,304.4,134.6,65.2,497.4,39.8,91.7,70.7,377.3,97.0,347.0,955.3,564.0,168.0,208.0,567.8,58.2,253.5,46.8,330.2,1318.8,143.8,406.9,37.1,332.2,280.3,74.3,36.6
2017-10-01,35.3,203.5,117.4,322.4,1965.1,335.3,156.7,78.9,50.7,1208.7,487.0,128.4,143.6,76.2,613.7,309.9,128.4,197.7,234.5,369.8,279.7,67.9,432.7,270.7,304.6,134.8,65.0,497.5,40.3,91.8,71.4,379.7,96.4,349.0,958.2,564.8,168.6,208.2,570.2,58.4,256.9,47.3,331.8,1325.7,144.1,408.2,36.9,332.5,280.4,74.6,36.4
2017-11-01,35.3,203.5,117.9,322.9,1967.2,335.7,157.7,78.9,51.1,1210.0,486.2,128.2,143.6,76.6,613.2,310.1,129.3,198.0,234.3,373.6,280.7,68.7,434.1,271.5,304.7,135.0,65.4,496.4,40.4,92.1,71.7,380.3,96.7,349.8,959.9,563.1,168.7,208.8,570.5,58.6,257.3,46.9,332.6,1330.0,144.6,407.0,37.9,333.9,281.1,74.6,36.6
2017-12-01,35.3,203.0,117.8,323.9,1970.5,337.2,156.8,79.4,50.6,1213.0,484.7,128.3,143.5,77.0,611.5,310.0,129.3,197.0,235.2,373.5,279.4,68.7,432.5,271.5,305.9,134.7,65.4,494.4,40.1,92.8,71.9,379.2,96.7,351.3,959.3,564.4,169.5,209.0,571.1,58.6,256.0,46.8,333.3,1334.4,145.1,408.1,38.0,335.8,279.3,74.6,36.3
2018-01-01,35.3,204.0,117.8,323.8,1972.4,339.2,158.1,79.3,51.3,1215.6,485.8,128.3,143.3,77.6,613.3,309.4,129.9,196.7,234.4,374.2,280.4,68.4,434.2,273.8,305.2,134.5,65.5,498.8,40.3,92.3,71.8,381.0,96.8,350.8,958.0,563.3,170.5,209.7,573.0,58.5,261.4,47.0,332.8,1338.9,146.4,410.3,37.8,338.4,282.6,74.6,36.3
2018-02-01,35.3,204.1,118.2,325.8,1978.6,338.1,157.4,79.7,51.6,1219.9,485.5,128.3,144.1,77.8,613.7,309.6,129.9,197.8,233.8,377.6,280.8,68.8,432.9,273.3,305.2,134.6,65.7,500.1,40.4,92.3,72.4,381.9,97.1,351.6,959.3,563.8,170.6,209.8,571.7,58.8,261.8,47.2,334.5,1342.1,147.5,410.7,37.7,339.5,283.2,74.5,36.3
2018-03-01,35.3,204.7,118.3,327.5,1980.1,339.3,156.4,80.3,51.4,1222.3,488.6,128.4,143.8,78.3,617.2,309.9,129.7,197.3,237.1,378.4,281.1,68.4,434.4,272.7,306.1,135.2,65.9,502.9,40.3,92.3,72.1,382.7,97.2,352.3,961.8,565.2,171.6,210.3,570.5,59.0,260.9,47.2,336.0,1349.5,147.0,410.7,37.6,340.1,283.6,74.3,36.4
2018-04-01,35.5,204.8,118.0,325.6,1984.1,339.5,156.6,79.9,51.5,1223.3,487.0,127.0,143.4,78.8,614.3,309.7,129.3,196.8,236.9,376.6,281.5,68.8,430.5,270.3,304.2,134.8,65.5,502.7,40.2,91.9,71.7,384.6,97.5,352.2,960.4,564.4,171.0,210.6,570.8,59.0,264.6,47.1,335.5,1349.1,145.9,410.3,36.7,340.0,279.7,74.2,36.5
2018-05-01,35.6,205.1,118.0,326.2,1985.9,338.5,157.1,79.8,52.2,1225.4,488.2,127.2,144.6,79.1,616.8,310.2,129.4,197.7,236.4,376.2,282.3,68.5,433.0,273.2,305.1,135.1,66.0,503.4,40.5,93.1,72.0,384.5,97.8,352.9,959.2,565.5,172.9,211.5,571.1,59.1,265.4,47.5,337.1,1351.4,147.5,411.6,36.9,342.4,280.1,73.9,36.7
2018-06-01,35.5,206.3,117.1,325.8,1988.7,339.7,158.1,80.2,51.7,1227.0,489.7,127.1,144.2,79.6,619.8,309.6,128.9,197.8,237.0,375.0,282.6,70.0,434.4,272.7,305.7,135.2,66.6,504.8,40.4,92.8,72.1,388.3,97.9,352.5,961.1,567.5,172.8,212.0,570.2,59.2,266.0,47.6,337.6,1355.9,148.0,411.7,36.8,342.6,281.5,73.8,36.5
2018-07-01,35.8,206.5,117.7,325.6,1993.7,338.6,157.5,80.0,51.9,1231.3,491.1,127.0,143.9,79.4,619.5,310.4,129.1,198.1,236.6,374.0,283.4,69.4,433.6,272.8,306.0,134.2,66.0,505.3,40.5,92.6,72.4,390.2,98.1,352.7,958.7,567.3,171.8,210.9,571.2,59.5,264.9,47.5,338.6,1357.9,148.8,409.9,37.0,341.6,281.9,73.8,36.5
2018-08-01,35.9,206.9,118.9,325.7,1996.3,338.6,157.8,79.6,52.0,1236.7,491.7,127.1,143.4,79.2,620.9,311.6,129.1,198.7,236.5,373.8,283.2,69.2,434.3,273.7,306.9,135.4,66.4,505.6,40.3,92.7,72.1,391.3,98.2,353.0,958.6,568.6,172.2,211.4,570.8,59.8,266.0,47.9,339.5,1364.6,150.3,410.8,37.1,342.3,282.4,73.7,36.5
2018-09-01,35.7,206.7,118.9,325.9,2000.4,338.2,158.1,79.6,51.6,1240.3,492.2,126.7,143.5,80.0,618.9,311.2,129.5,198.4,237.4,373.2,282.3,69.0,432.6,274.4,306.2,134.9,66.3,494.6,40.3,93.2,72.0,390.6,97.9,353.1,959.8,569.4,172.1,211.3,571.9,59.2,260.4,47.5,339.6,1361.0,150.4,408.4,37.0,342.4,282.2,74.0,36.1
2018-10-01,36.0,207.3,119.1,325.9,2001.3,340.3,158.9,79.3,52.3,1238.9,490.6,127.8,144.5,80.5,619.7,311.4,129.4,199.1,237.4,375.1,280.9,69.6,434.6,274.2,304.8,134.9,66.2,505.5,40.4,93.1,72.2,390.7,98.3,353.0,961.7,570.2,171.7,212.2,574.2,59.2,265.2,47.3,341.2,1368.7,149.8,411.1,37.0,344.0,283.4,74.6,36.6
2018-11-01,35.8,207.0,118.6,327.6,2004.8,342.2,158.0,79.7,51.8,1240.3,490.8,126.0,143.6,80.7,619.3,310.9,129.8,199.2,236.9,373.8,281.7,69.3,433.7,274.7,306.3,134.6,66.5,506.0,40.1,93.1,72.0,390.4,98.5,353.7,958.8,568.9,171.9,212.8,573.5,59.1,266.3,47.1,340.9,1368.1,150.5,412.2,37.1,345.0,284.2,74.4,36.5
2018-12-01,35.5,207.0,119.2,328.5,2015.7,342.7,159.6,80.4,52.2,1243.1,491.9,128.2,144.5,81.6,620.2,311.7,130.0,199.2,236.0,375.8,282.6,69.6,435.4,275.1,306.9,134.9,66.9,504.7,40.6,93.0,72.9,391.6,98.5,354.8,963.2,569.2,172.9,213.9,574.6,59.3,265.8,47.3,342.3,1375.7,151.6,412.7,37.5,346.4,285.3,74.9,36.5
2019-01-01,35.6,207.5,120.0,329.5,2018.0,342.9,159.0,81.5,52.3,1250.8,497.9,127.2,145.2,81.7,621.5,317.0,130.4,200.0,237.7,379.1,282.0,69.7,436.4,275.0,307.5,136.4,67.3,510.2,40.5,93.5,73.4,393.5,98.6,356.5,964.9,570.9,173.3,213.5,575.2,59.9,267.1,47.4,344.5,1380.0,152.0,411.7,37.4,345.9,284.4,75.0,36.9
2019-02-01,35.8,208.1,120.6,330.6,2022.0,344.2,158.4,82.4,52.3,1258.4,500.5,126.7,143.6,81.9,621.3,316.5,130.3,200.3,238.4,379.4,282.2,69.5,435.5,275.2,308.0,135.9,66.8,511.7,40.0,93.6,73.4,394.6,99.2,357.1,963.2,570.0,173.6,212.3,575.4,59.7,267.7,47.2,344.8,1387.3,152.3,412.0,37.4,342.8,284.4,75.1,37.0
2019-03-01,35.8,208.4,120.1,332.0,2026.5,343.3,158.6,83.1,52.9,1259.7,500.5,127.0,143.4,82.1,621.2,316.0,130.1,200.2,237.0,381.2,282.4,70.0,436.9,275.5,308.2,135.2,66.6,513.6,40.3,93.4,73.4,395.6,99.3,356.4,965.7,569.9,173.7,212.6,578.1,59.5,268.4,46.8,345.5,1388.1,153.0,413.2,37.8,346.0,285.1,75.2,36.9
2019-04-01,35.6,209.4,120.6,331.1,2028.9,344.0,158.3,82.5,53.1,1258.4,500.0,126.9,144.2,82.4,621.9,314.0,130.3,202.2,238.4,380.3,283.3,69.8,436.4,275.8,309.0,136.7,66.8,514.2,40.4,93.9,73.4,395.6,99.8,356.8,965.3,570.5,174.1,212.8,578.1,59.9,270.1,47.1,346.8,1389.2,152.7,414.0,37.8,347.2,285.6,75.5,36.8
2019-05-01,36.2,208.6,120.1,330.0,2030.3,344.1,157.8,81.8,53.4,1256.2,499.5,126.6,144.0,82.7,622.2,313.0,129.2,203.1,238.7,381.0,283.5,70.7,436.4,275.1,308.0,136.1,67.1,513.5,40.5,94.3,73.6,396.3,99.3,356.7,963.9,570.0,173.5,213.4,577.2,60.0,270.5,47.1,345.3,1392.4,153.2,412.9,37.6,347.4,285.8,75.1,37.2
2019-06-01,36.5,208.1,118.9,328.7,2035.1,344.6,157.3,81.7,53.4,1251.6,499.3,126.5,144.3,83.0,624.6,311.3,129.2,201.6,238.3,383.9,284.7,71.5,436.5,274.8,307.3,136.3,67.4,513.5,40.3,93.7,73.4,396.9,99.2,355.8,961.8,569.9,172.8,214.3,577.7,60.1,270.6,47.2,345.1,1392.8,153.0,414.7,37.6,347.9,285.7,74.7,36.7
2019-07-01,36.5,207.6,120.6,330.2,2034.3,345.7,157.4,81.2,53.4,1255.2,499.4,126.8,144.5,83.4,624.0,311.4,129.2,201.5,235.5,379.7,283.0,70.0,434.6,275.8,307.9,136.2,67.2,515.2,40.7,93.4,73.0,394.0,99.3,355.9,959.3,568.9,174.1,214.6,578.1,60.4,272.5,47.5,346.7,1397.8,153.7,416.0,37.0,348.0,285.3,74.9,37.2
2019-08-01,36.6,208.3,120.8,332.2,2032.6,346.0,156.3,80.7,53.2,1258.6,501.2,127.1,145.3,83.5,622.7,311.1,129.7,201.8,237.0,376.6,281.9,70.2,434.5,276.5,307.4,136.7,67.2,514.0,40.6,94.0,73.2,392.3,99.9,355.2,958.4,568.9,174.8,214.7,578.3,60.2,272.5,47.5,350.4,1399.7,154.0,414.9,36.4,347.8,284.5,75.2,37.3
2019-09-01,36.9,208.4,120.6,333.9,2040.0,346.2,156.3,80.8,53.0,1253.3,502.1,127.5,144.1,83.4,622.2,313.4,129.9,201.9,238.3,376.1,281.4,70.4,434.1,274.9,308.5,136.9,67.1,515.0,40.6,93.9,72.9,391.7,99.9,355.6,958.6,569.4,175.6,214.4,578.1,59.9,272.5,47.5,349.2,1403.5,154.6,415.0,36.9,348.4,284.0,75.2,37.3
2019-10-01,36.8,209.2,121.8,333.5,2044.8,346.6,157.0,81.4,53.0,1266.5,503.2,126.8,144.5,84.2,624.1,313.9,130.5,202.9,236.6,376.4,282.0,69.8,435.3,276.8,313.1,136.4,67.7,517.0,40.4,94.6,73.3,393.4,100.3,354.8,961.1,570.9,175.0,214.8,578.3,60.2,272.9,47.8,349.2,1406.7,154.9,416.8,36.8,349.3,286.4,75.1,37.4
2019-11-01,36.6,209.0,122.4,333.8,2049.3,346.7,156.9,81.4,53.2,1272.1,503.2,127.1,144.9,84.3,625.7,313.6,130.6,202.9,237.6,377.7,282.4,69.4,434.5,276.5,311.6,136.8,67.8,519.0,40.7,94.5,73.5,395.8,100.5,355.1,962.4,573.9,175.4,214.8,579.9,60.5,272.9,47.9,350.2,1410.5,155.4,417.8,36.9,349.7,287.4,75.2,37.4
2019-12-01,35.8,208.7,122.9,336.7,2052.4,347.4,157.6,81.9,53.2,1275.4,504.7,127.1,145.3,84.6,628.7,315.4,131.3,203.9,237.9,384.8,283.4,70.6,435.9,277.1,311.9,136.7,68.0,521.4,40.1,94.4,73.6,398.6,101.1,356.0,964.9,575.0,175.6,215.4,582.0,60.6,272.7,48.0,350.5,1414.3,155.9,418.2,36.7,350.0,289.3,75.1,37.7
2020-01-01,35.6,208.9,123.3,338.6,2056.7,347.7,158.8,83.1,52.9,1279.7,505.4,128.0,145.3,84.7,630.2,315.9,130.9,204.8,238.5,383.3,283.9,70.2,435.2,277.0,313.0,136.9,68.0,521.5,40.8,95.0,74.1,401.4,100.9,356.3,966.6,577.5,175.8,215.7,583.0,60.2,272.0,48.0,351.1,1417.0,156.6,421.4,37.2,351.0,289.1,74.6,37.9
2020-02-01,35.8,209.1,123.0,339.8,2059.2,348.6,158.8,83.0,52.8,1284.1,506.0,127.7,145.5,84.7,630.5,316.7,130.9,205.3,238.5,384.8,284.1,70.7,435.5,277.0,312.8,136.8,67.8,522.2,40.8,95.3,74.1,402.3,100.8,356.9,969.0,578.7,175.9,216.2,583.4,61.5,272.3,48.1,352.5,1417.2,156.7,421.1,37.2,351.5,288.2,75.0,37.5
2020-03-01,35.1,204.6,120.5,330.3,1984.1,340.3,151.2,78.9,50.7,1250.4,489.2,125.4,141.6,84.0,603.1,305.2,127.6,196.7,230.2,361.8,270.8,68.5,419.5,268.6,303.7,134.1,67.1,509.2,39.4,92.3,71.5,387.8,98.6,350.2,912.0,557.4,171.4,210.7,559.7,58.0,265.3,46.1,343.3,1383.1,152.8,406.8,35.9,339.2,280.3,72.6,37.1
2020-04-01,20.8,130.0,74.2,192.0,1065.3,174.3,67.3,31.9,25.9,712.7,284.9,59.8,78.1,50.9,331.0,177.5,74.6,113.7,132.9,155.9,134.3,34.7,193.2,127.5,167.6,84.2,36.5,289.7,22.5,55.4,34.6,197.2,57.2,173.9,371.7,298.6,115.0,104.0,245.3,23.5,149.9,27.7,216.8,852.4,91.6,218.2,14.5,202.5,141.8,38.7,24.7
2020-05-01,20.8,151.6,90.2,230.4,1110.2,205.9,75.7,31.9,26.3,784.8,341.5,53.8,88.8,62.1,335.5,207.7,91.0,122.8,148.2,171.5,139.6,37.9,212.0,140.8,198.6,94.6,50.6,318.8,29.7,63.9,39.3,181.3,62.1,151.6,407.8,344.5,139.2,117.7,273.1,27.9,184.0,33.6,245.9,1001.5,113.0,228.4,18.0,203.0,167.0,44.2,26.5
2020-06-01,20.9,168.1,100.1,263.0,1305.7,238.4,89.1,33.8,35.6,906.3,383.4,60.4,108.4,72.6,368.8,240.8,103.2,150.4,168.7,181.0,162.3,38.5,276.9,173.9,225.3,110.4,54.8,376.7,32.1,71.1,44.9,179.7,72.1,216.3,437.6,430.0,152.5,141.6,330.8,35.9,213.4,37.2,270.6,1106.0,123.5,263.2,19.4,221.3,204.8,56.1,28.1
2020-07-01,20.6,170.5,103.4,251.4,1301.1,255.9,108.4,35.8,38.2,931.5,390.3,59.4,116.4,74.3,431.7,258.0,107.9,160.0,173.0,223.4,194.3,41.9,307.0,194.2,245.3,116.0,57.2,389.3,34.0,76.3,50.4,226.6,74.5,237.1,506.1,453.0,155.2,150.7,388.9,40.4,215.7,39.9,280.5,1089.2,128.5,298.0,21.9,237.4,216.1,60.5,29.9
2020-08-01,20.8,174.6,105.3,252.6,1292.5,264.6,114.2,36.9,39.6,938.5,402.1,59.2,117.0,76.0,447.1,264.2,109.2,163.6,179.8,236.1,199.3,45.6,318.6,199.0,248.0,117.2,58.6,399.7,34.6,79.6,53.7,249.0,72.1,238.9,551.6,459.0,156.6,155.3,400.6,43.7,221.0,41.2,281.8,1115.0,130.7,310.4,23.6,240.0,222.5,61.5,31.5
2020-09-01,23.5,176.0,107.8,266.1,1355.3,276.5,121.6,37.2,42.3,970.0,411.3,52.7,119.5,77.8,459.0,269.2,111.1,168.2,178.2,259.5,211.6,53.2,336.8,207.1,253.3,118.6,60.5,419.4,35.0,80.5,61.0,282.6,77.1,246.5,606.5,471.3,157.6,159.0,427.6,46.6,227.2,42.1,288.6,1153.5,133.4,328.4,26.1,249.2,230.5,63.1,32.6
2020-10-01,28.6,179.3,109.3,274.1,1430.6,284.8,123.5,37.2,42.9,1009.0,420.0,62.1,122.7,78.8,466.1,271.3,113.3,169.2,187.5,263.5,215.8,54.8,345.1,214.9,258.7,122.3,61.9,427.4,35.2,82.3,61.6,296.1,79.3,256.1,644.3,478.1,159.0,164.2,440.9,48.0,231.6,43.4,293.5,1187.5,136.9,332.4,26.9,256.5,233.9,63.8,33.6
2020-11-01,29.2,181.6,110.1,280.0,1460.9,279.3,122.0,37.9,43.1,1029.3,425.5,70.2,120.3,78.7,433.5,271.3,113.7,169.6,192.5,264.5,217.8,56.5,339.2,210.9,259.7,123.1,61.9,434.0,34.1,81.9,62.4,299.2,78.2,258.0,642.9,478.2,159.9,166.0,444.1,47.5,236.5,42.6,296.8,1203.9,138.4,336.2,26.7,258.9,229.0,63.8,34.2
2020-12-01,28.3,182.6,110.2,280.5,1354.8,247.9,118.1,38.0,42.9,1041.1,428.8,74.4,118.9,78.9,410.5,267.3,113.4,160.4,192.1,257.5,214.8,54.8,271.4,164.5,253.4,122.9,61.5,436.4,33.6,80.6,58.9,297.5,69.6,251.4,609.3,469.0,159.6,143.4,414.4,42.2,236.8,41.9,298.4,1215.8,137.6,334.2,24.2,231.1,229.0,63.7,34.3
2021-01-01,29.6,183.0,110.3,281.3,1268.1,268.4,120.3,37.1,43.0,1036.8,432.9,75.9,121.1,79.7,424.9,269.9,114.6,172.1,192.2,255.0,209.0,56.2,282.3,196.2,262.0,123.7,62.4,438.4,34.9,81.9,59.6,301.3,70.4,254.2,607.2,478.8,160.9,140.5,429.0,45.5,237.7,43.3,298.8,1228.5,138.8,337.1,25.1,232.9,232.7,64.3,34.2
2021-02-01,29.9,182.6,109.4,282.7,1394.1,279.4,122.3,39.0,43.2,1046.2,434.7,77.8,122.1,80.5,456.7,270.7,114.7,171.5,190.4,264.3,213.4,57.3,333.7,208.0,260.3,122.3,63.0,438.2,35.4,82.6,60.8,304.6,74.2,258.4,632.3,483.4,157.8,150.6,442.5,47.0,237.4,43.7,298.8,1215.8,139.9,336.7,25.7,250.2,236.1,64.3,34.7
2021-03-01,30.4,183.7,111.9,285.6,1450.6,284.3,124.9,40.2,43.6,1055.0,435.2,82.0,123.5,81.3,469.6,273.3,116.0,174.3,194.0,269.3,216.8,58.6,341.6,214.8,263.9,123.8,64.0,441.7,36.1,83.8,62.2,307.7,78.4,262.8,648.8,485.8,162.0,163.6,450.9,48.5,238.6,43.5,301.5,1238.5,141.4,337.9,26.4,259.5,239.4,64.8,35.1
2021-04-01,30.5,184.0,113.8,292.5,1547.6,294.7,127.5,42.0,44.3,1066.3,436.0,89.3,124.7,82.8,481.3,275.0,117.5,174.2,196.9,278.8,221.1,59.1,345.1,222.4,266.4,123.3,64.8,443.8,36.6,84.8,62.9,315.8,81.0,276.6,675.9,489.5,162.4,169.9,458.5,49.3,238.2,44.7,302.4,1260.6,144.8,337.7,29.1,271.2,244.2,65.6,35.6
2021-05-01,28.6,185.1,115.1,299.7,1598.4,302.3,130.5,44.2,44.6,1094.4,442.5,93.1,125.8,82.8,488.1,276.0,119.3,177.0,199.4,285.1,224.1,59.7,347.9,224.5,268.9,124.7,65.6,448.5,36.6,85.2,64.1,319.4,83.8,286.5,688.9,491.4,164.4,170.9,464.7,50.6,242.7,45.2,308.2,1278.7,146.7,341.7,29.6,275.9,247.3,66.3,35.7
2021-06-01,28.1,189.6,117.5,307.2,1655.4,308.2,132.9,48.3,45.1,1125.1,452.1,98.3,127.5,83.3,501.9,281.8,120.5,182.2,202.3,293.3,227.0,59.8,354.2,226.5,273.8,125.3,65.8,455.0,36.9,87.9,64.6,321.2,87.7,297.5,709.4,503.3,167.4,174.3,471.3,51.1,244.8,45.7,313.9,1294.9,149.6,351.0,30.1,280.2,249.4,67.0,36.1
2021-07-01,29.0,192.2,117.6,311.8,1734.2,313.7,139.9,51.9,45.7,1150.1,459.8,102.5,131.0,85.3,522.5,288.8,122.6,185.9,207.7,308.7,236.7,61.4,370.5,236.0,280.3,128.6,66.5,466.3,37.4,89.0,66.4,337.2,91.4,308.3,746.2,520.3,168.9,182.2,486.8,52.1,249.6,46.7,323.3,1317.1,151.7,367.5,31.5,294.9,253.6,68.5,36.0
2021-08-01,29.4,191.8,118.5,316.3,1760.5,317.2,140.9,54.0,46.3,1153.5,457.5,104.2,131.4,85.8,526.1,288.0,122.4,185.8,207.4,313.8,239.0,61.8,372.9,238.3,280.6,127.2,67.1,466.4,37.6,88.7,66.9,338.6,92.2,312.5,761.9,521.4,167.9,185.6,492.1,52.6,250.0,46.6,323.2,1321.8,151.7,369.5,31.2,299.4,256.4,68.7,36.1
2021-09-01,30.3,192.0,118.2,319.5,1776.8,320.7,141.8,56.6,46.7,1171.8,459.0,102.9,132.6,86.2,532.0,289.7,121.8,186.6,190.8,319.8,242.1,63.1,377.6,239.2,283.6,127.7,67.6,467.3,38.0,87.2,67.5,347.0,92.5,314.8,780.8,521.1,168.4,186.4,498.2,53.1,252.8,46.8,324.3,1332.1,151.8,372.3,31.4,301.8,257.6,68.5,36.2
2021-10-01,32.4,193.1,119.4,322.5,1820.4,324.7,144.0,59.0,47.5,1189.4,465.2,103.0,132.8,86.4,541.0,292.7,123.6,188.2,202.7,328.3,245.1,63.9,385.0,246.2,285.5,129.1,68.8,475.6,38.4,88.8,68.7,354.6,93.3,320.5,809.2,525.4,169.3,190.7,511.5,55.4,253.8,47.0,324.7,1348.6,154.3,373.3,31.8,309.8,260.0,69.2,36.5
2021-11-01,33.2,194.1,119.7,324.2,1835.2,326.2,144.5,60.9,48.4,1196.0,466.9,104.4,133.7,87.0,544.0,295.2,124.9,189.0,205.7,331.4,246.7,64.7,389.4,248.1,288.1,128.9,68.4,478.1,38.2,89.9,68.8,358.5,93.5,323.6,822.4,527.9,169.3,191.9,516.6,55.6,255.3,47.4,326.1,1356.4,154.6,376.1,31.2,311.6,262.0,69.5,36.7
2021-12-01,33.2,195.3,120.6,326.5,1853.6,327.5,144.9,62.7,49.3,1203.6,469.0,106.0,134.1,87.6,550.6,296.4,125.5,191.3,207.7,332.3,249.6,64.6,389.0,247.8,290.6,130.3,68.9,482.4,38.4,90.8,68.1,362.2,93.2,325.0,828.6,528.7,171.0,192.6,518.0,56.0,257.6,47.3,329.1,1370.0,156.1,379.1,31.1,313.2,263.8,70.4,37.0
2022-01-01,33.6,195.5,120.5,328.7,1844.1,328.9,143.8,62.0,48.9,1202.0,468.9,106.1,133.9,88.0,548.6,298.6,125.4,191.2,208.6,330.9,245.3,64.4,390.8,246.9,292.0,130.2,69.0,481.3,38.2,90.7,67.6,363.1,91.9,325.4,822.5,531.3,170.0,192.8,520.8,55.0,259.2,47.8,331.8,1372.8,156.8,375.8,31.7,315.3,263.6,69.4,37.3
2022-02-01,33.7,196.7,120.9,329.8,1871.7,332.1,146.3,62.6,49.6,1211.2,472.9,107.1,136.4,88.5,551.2,300.0,125.9,192.5,210.2,337.6,249.2,65.1,395.4,249.0,293.2,131.4,69.5,489.4,38.7,92.0,69.4,369.0,92.7,328.5,836.7,533.1,170.4,195.2,526.1,56.4,261.0,48.0,336.6,1380.5,158.1,382.5,32.2,320.6,265.5,70.0,37.4
2022-03-01,34.3,196.4,121.1,330.4,1888.1,334.2,146.9,64.2,50.0,1215.0,473.7,108.1,136.5,88.5,555.6,301.1,125.8,194.2,210.1,340.2,249.2,65.6,398.7,251.0,293.5,131.1,70.0,492.0,38.7,91.3,69.9,371.4,93.3,331.9,845.3,535.2,169.8,195.9,529.9,57.1,261.2,48.3,336.7,1379.7,159.2,383.0,32.6,321.9,266.8,70.1,37.6
2022-04-01,34.5,196.3,121.3,333.4,1904.7,337.8,148.5,66.0,49.9,1227.5,479.3,110.2,135.6,88.3,558.0,301.5,126.4,193.6,209.5,344.3,247.7,66.5,401.2,253.9,294.4,131.3,69.9,495.8,38.6,91.0,70.4,371.9,94.6,334.1,849.5,537.7,172.2,197.0,533.6,57.3,262.4,48.3,338.6,1393.4,160.7,385.8,33.2,323.7,267.5,69.9,37.5
2022-05-01,34.0,196.2,121.6,335.1,1916.8,337.4,148.4,67.1,49.5,1233.9,481.0,110.7,135.1,87.9,560.1,300.6,126.6,194.2,211.3,345.2,247.1,66.6,401.7,254.6,296.1,132.2,70.2,497.5,38.9,90.9,70.3,372.6,94.2,334.5,859.8,538.2,172.3,197.2,534.3,57.5,263.4,48.0,340.1,1399.9,160.4,385.1,33.4,323.8,268.3,70.0,37.2
2022-06-01,34.0,197.4,122.2,336.7,1933.6,336.3,148.5,67.4,50.1,1239.8,486.4,111.2,136.3,87.5,562.9,304.0,126.4,195.5,212.7,346.3,245.3,65.7,400.8,255.7,296.9,132.4,70.5,500.5,39.3,91.7,70.3,374.1,94.4,336.6,865.0,541.5,173.1,197.0,533.4,57.5,264.4,48.0,343.0,1407.3,162.0,387.9,33.5,323.4,267.2,70.0,37.3
2022-07-01,34.2,198.4,123.5,338.4,1949.1,339.4,150.9,68.8,50.0,1252.6,490.6,112.8,136.8,88.4,570.6,305.0,128.0,197.4,215.5,349.8,250.1,66.5,406.4,258.2,299.3,133.1,71.5,505.5,39.2,92.6,71.4,382.4,96.6,337.5,878.6,545.6,174.5,200.0,542.1,58.0,265.9,48.3,346.3,1419.8,163.6,395.2,34.1,328.2,270.4,70.2,37.0
2022-08-01,34.1,198.2,123.5,339.6,1959.4,340.6,151.3,69.7,50.4,1257.3,491.5,114.1,136.9,88.7,572.5,305.5,128.6,198.5,215.5,349.7,250.9,66.3,407.1,258.7,299.9,133.2,71.3,508.2,39.5,92.6,71.9,383.2,96.7,338.4,879.4,544.6,174.9,200.4,542.5,58.0,267.1,48.3,347.6,1426.4,164.4,396.4,33.4,329.9,270.1,70.5,37.1
2022-09-01,34.2,198.9,124.1,340.7,1965.4,341.3,150.8,70.1,50.4,1269.0,494.0,115.7,138.4,89.3,573.0,306.6,129.6,199.4,217.8,348.8,251.9,66.9,406.9,257.6,301.2,133.8,71.3,507.7,39.5,93.5,71.7,382.4,97.1,341.3,883.3,545.3,175.8,201.5,543.6,57.5,268.5,48.5,350.2,1430.7,165.3,397.4,33.1,330.6,273.1,70.1,37.4
2022-10-01,34.7,198.2,124.2,345.6,1971.6,342.4,150.1,71.0,50.6,1261.7,496.3,116.7,138.0,89.6,575.5,307.3,129.3,199.0,217.5,348.9,253.1,66.2,409.4,259.2,301.7,133.6,71.3,506.8,39.6,93.8,71.6,384.1,97.0,341.8,889.8,548.6,175.8,201.8,545.0,57.8,269.4,48.7,351.2,1434.1,166.6,396.4,33.4,333.2,274.3,70.6,37.5
2022-11-01,34.9,199.3,124.6,347.4,1983.1,344.3,150.7,72.1,50.5,1265.4,499.3,116.7,138.3,90.4,578.8,308.6,130.4,200.2,217.9,352.0,254.8,67.0,413.3,261.3,303.5,133.5,71.6,508.9,39.5,94.0,72.0,386.9,97.3,342.9,894.5,550.3,176.5,202.7,548.0,58.3,270.3,48.8,353.4,1441.2,168.2,400.0,33.8,334.7,276.0,70.4,37.3
2022-12-01,35.2,199.2,124.5,348.8,1985.7,345.4,150.6,73.1,50.8,1269.1,500.8,116.7,138.6,90.7,578.0,308.6,130.6,200.3,217.3,349.5,254.6,67.0,413.1,261.6,302.4,133.8,71.5,510.9,39.0,94.2,72.5,388.9,97.9,344.5,892.1,551.6,176.1,204.0,547.8,57.9,272.0,48.3,353.0,1441.8,168.6,401.3,33.7,335.2,276.3,70.5,37.9
2023-01-01,35.5,204.2,127.3,350.0,1984.4,346.9,152.5,74.8,52.0,1285.8,506.0,117.6,139.7,91.2,589.2,311.3,132.1,204.6,220.3,355.7,258.0,68.3,417.1,263.9,307.2,134.2,72.7,522.1,40.2,95.1,73.1,393.7,98.7,344.9,902.5,559.9,180.4,205.4,557.2,58.2,275.9,49.0,357.3,1469.5,170.0,405.6,34.2,337.8,280.0,72.4,38.1
2023-02-01,35.6,204.4,126.8,353.4,1994.2,348.6,153.2,75.4,52.3,1289.6,506.9,118.4,140.0,91.7,589.9,313.4,132.4,204.8,221.1,358.5,258.7,68.4,418.6,264.9,307.9,134.2,73.2,525.4,39.6,95.8,73.1,394.3,99.4,345.7,905.4,561.1,180.7,206.2,557.6,58.8,276.1,49.1,358.3,1472.6,170.7,408.8,34.5,339.7,280.9,71.9,38.3
2023-03-01,35.7,204.5,128.0,352.1,2001.6,349.7,153.2,76.0,52.0,1291.1,509.3,118.9,140.1,91.9,591.7,313.4,133.0,204.0,221.7,357.9,259.7,68.4,420.1,265.6,309.2,134.3,73.0,526.9,39.7,95.8,73.1,395.3,99.5,346.2,906.4,562.1,180.5,206.9,557.8,58.7,277.7,49.0,359.8,1476.0,170.0,407.8,34.5,340.4,281.6,71.8,38.2
2023-04-01,36.1,204.1,126.7,357.1,1994.7,348.5,152.9,76.0,52.1,1289.4,506.0,118.9,140.2,92.5,589.7,312.4,132.0,202.6,220.3,356.8,261.6,68.3,422.3,263.8,307.2,134.1,72.7,524.6,39.8,96.4,73.5,394.3,99.9,345.4,903.7,562.2,179.6,206.1,558.9,58.5,276.4,48.9,360.8,1469.3,171.3,408.3,34.6,341.0,283.1,71.6,38.3
2023-05-01,35.3,204.3,127.6,357.5,2004.9,350.5,153.1,76.1,52.1,1295.8,507.4,118.9,140.3,93.0,589.0,312.9,132.1,203.0,220.7,358.6,262.3,68.6,423.3,266.5,305.9,134.2,71.9,527.8,39.9,96.5,73.0,397.7,99.5,346.1,912.3,562.9,180.0,206.6,559.3,58.7,276.6,48.9,359.9,1475.5,172.1,408.8,34.5,341.4,283.1,71.3,38.4
2023-06-01,36.5,205.4,127.5,357.5,2012.9,351.5,154.2,75.9,52.6,1300.9,508.8,119.4,140.9,93.9,595.2,314.5,132.7,203.4,221.7,360.9,263.6,70.6,425.1,268.5,310.2,134.6,73.0,532.3,40.0,96.9,74.4,399.6,100.9,347.3,918.6,568.0,180.4,207.9,562.7,59.8,277.7,49.5,362.6,1490.8,172.6,412.1,35.7,343.7,285.8,71.9,38.3
2023-07-01,36.1,205.2,126.9,356.3,2015.4,351.2,154.2,75.8,52.8,1301.2,510.0,119.7,140.9,93.3,595.7,312.7,132.4,203.1,220.3,361.2,265.5,69.7,425.0,267.7,309.6,134.4,72.5,531.3,40.2,97.5,73.4,399.3,99.4,346.6,917.9,567.6,179.9,207.1,563.1,59.4,278.8,49.2,361.5,1486.8,172.8,413.1,34.6,342.9,285.4,71.3,38.6
2023-08-01,36.2,205.9,127.8,358.8,2017.8,352.6,154.6,75.7,53.0,1303.0,512.4,118.6,141.9,93.6,597.2,313.4,133.0,203.3,221.1,362.7,265.3,70.2,425.5,268.8,307.9,134.6,73.1,533.3,40.4,97.8,73.9,401.3,99.7,347.8,920.5,570.2,180.5,207.6,562.2,59.7,280.4,49.5,362.1,1490.3,173.1,414.8,34.6,342.6,285.6,71.2,38.4
2023-09-01,35.8,206.9,127.5,360.7,2022.9,351.1,153.9,76.2,53.5,1308.5,514.0,116.1,142.5,94.2,597.9,313.8,133.7,204.8,222.6,360.8,264.6,69.3,426.0,270.6,309.2,134.9,73.2,534.4,40.6,98.3,74.1,401.8,99.9,349.1,921.5,568.3,181.2,208.0,564.0,60.1,281.5,49.7,364.4,1494.1,173.6,414.9,34.7,343.8,285.0,71.4,38.3
2023-10-01,35.3,206.8,127.8,358.8,2020.9,351.3,154.4,76.2,53.0,1312.6,513.2,117.2,142.6,94.3,596.3,313.5,133.6,204.7,221.8,362.9,265.4,69.6,424.4,269.1,309.7,135.2,73.2,537.1,40.5,98.0,74.2,399.8,100.5,351.0,918.5,568.0,181.5,207.1,563.7,59.9,281.7,49.8,365.9,1494.1,173.3,414.5,34.7,342.6,285.2,71.5,37.9
2023-11-01,35.4,207.3,128.2,360.1,2020.9,353.0,154.1,76.1,53.3,1318.0,513.9,117.9,143.1,95.2,598.0,313.7,133.3,205.4,222.6,363.5,265.4,69.4,421.3,269.1,309.3,135.3,73.6,538.4,40.4,98.2,74.9,401.4,100.5,351.2,920.9,566.9,181.6,208.2,563.7,59.9,282.4,49.7,367.9,1496.6,172.8,415.8,35.0,343.5,286.0,71.7,38.3
2023-12-01,35.7,207.5,128.6,362.1,2023.4,353.7,154.7,76.7,53.8,1318.1,514.7,118.6,143.7,95.4,598.2,312.9,133.4,205.6,223.2,365.8,266.8,70.0,426.5,268.5,310.7,134.9,73.2,540.1,40.8,98.5,75.1,404.0,100.8,358.6,925.4,568.0,181.8,207.3,564.9,60.0,282.0,50.1,368.4,1499.9,173.2,415.7,35.0,344.4,286.4,72.1,38.2
2024-01-01,35.5,208.1,128.4,365.3,2041.8,352.7,155.4,77.8,53.4,1326.3,514.2,119.1,140.3,93.3,598.1,311.9,132.7,206.2,222.5,364.2,271.1,70.0,423.1,269.8,310.9,135.0,73.1,541.5,41.0,96.4,75.1,405.1,100.3,363.6,923.5,568.3,181.8,205.4,565.6,60.0,282.3,49.7,366.6,1506.1,174.4,415.3,35.1,341.6,285.4,72.7,38.0
2024-02-01,35.6,208.4,129.0,365.0,2023.4,351.9,154.9,77.5,53.5,1326.4,511.2,119.2,143.9,93.1,599.8,312.9,133.7,205.6,221.4,364.5,270.2,70.1,426.1,270.6,311.8,135.3,73.3,541.5,40.7,98.9,75.5,405.9,100.5,364.2,925.6,569.5,182.3,207.1,566.8,60.0,282.4,50.1,367.7,1507.2,174.5,416.0,35.0,342.4,288.0,72.2,38.0
2024-03-01,35.9,209.3,129.7,365.5,2019.4,353.4,155.0,77.6,53.7,1327.5,516.1,119.6,143.7,93.4,601.3,313.3,134.2,206.1,223.7,364.8,270.8,70.0,425.8,273.2,312.0,135.8,73.5,542.9,41.5,99.8,75.3,406.1,100.6,363.8,930.6,572.5,183.1,207.5,569.0,60.9,283.4,50.2,369.4,1508.5,176.2,417.1,34.7,343.9,289.3,72.3,38.1
2024-04-01,36.2,210.0,129.3,365.2,2015.0,352.4,154.6,77.4,53.8,1325.3,519.2,119.1,144.1,93.9,600.1,314.4,134.5,206.7,224.6,364.2,271.6,69.1,428.9,273.3,311.9,135.9,73.6,543.7,41.3,99.3,75.2,405.0,100.4,362.6,930.6,570.7,182.9,207.7,568.3,60.6,283.1,50.3,367.7,1509.7,174.2,417.2,35.3,343.5,289.6,71.6,38.3
2024-05-01,36.2,210.3,129.2,364.4,2014.4,353.6,154.9,76.9,53.7,1326.2,518.2,119.1,144.5,94.2,601.7,314.6,133.8,206.3,224.9,365.6,272.5,70.2,430.1,274.2,312.6,135.8,74.1,544.0,41.2,99.9,75.9,405.9,100.8,363.7,930.7,571.4,183.0,208.0,570.0,60.6,283.2,50.5,369.1,1513.6,174.3,416.9,35.3,345.5,290.1,71.4,38.3
2024-06-01,36.6,209.5,129.3,364.3,2008.7,353.8,154.8,77.1,53.9,1321.2,520.3,118.5,144.2,94.2,602.7,313.6,133.8,206.7,223.7,367.5,273.0,71.8,428.6,274.7,312.4,135.2,74.4,543.5,40.9,100.0,76.8,407.9,101.1,361.8,933.2,570.3,182.0,207.5,570.1,60.5,282.7,50.1,368.3,1518.3,174.3,417.2,35.2,343.7,291.0,71.7,38.8
2024-07-01,36.5,210.9,129.6,364.0,2011.2,352.8,153.9,76.1,53.8,1320.3,515.5,118.4,145.0,94.3,601.7,313.8,133.1,206.2,223.8,363.8,272.0,70.2,427.7,272.7,310.2,135.0,74.3,540.4,40.9,99.7,76.1,405.7,101.2,358.7,928.9,570.2,182.9,206.7,567.3,60.3,280.2,49.7,367.5,1506.5,175.3,416.2,35.3,345.3,290.6,71.3,38.6
2024-08-01,36.5,211.5,129.6,364.9,2003.9,352.2,152.5,76.1,53.3,1320.3,514.9,119.5,144.5,94.4,601.9,313.6,133.2,205.9,223.8,363.0,271.2,70.0,429.4,271.9,309.8,135.4,74.1,539.4,41.1,99.8,75.4,405.2,100.3,357.9,927.9,567.6,184.4,206.6,567.7,60.3,280.3,50.1,368.3,1515.5,175.2,415.0,35.3,344.8,289.9,71.5,38.7
2024-09-01,36.5,211.5,130.0,366.8,2001.7,355.2,154.6,77.0,53.6,1327.5,516.6,119.8,144.2,94.9,604.9,314.0,133.8,205.5,223.1,365.8,273.2,70.4,431.2,273.1,310.6,135.6,74.5,542.3,40.9,100.6,76.2,407.9,99.8,361.6,934.5,569.6,184.5,207.8,568.0,60.5,282.0,50.4,368.4,1518.4,176.9,416.7,35.4,346.0,291.0,71.7,38.7
2024-10-01,35.8,212.0,130.3,368.0,2023.4,353.3,155.2,77.2,53.7,1293.4,516.3,119.5,145.1,94.2,604.2,313.9,134.2,207.4,225.9,367.2,273.5,70.8,431.1,274.5,310.9,135.5,73.8,530.7,41.1,100.9,76.4,408.1,100.2,360.2,937.0,569.7,185.1,207.9,569.4,61.0,282.9,50.7,367.5,1523.8,177.5,417.7,35.5,344.4,291.4,71.6,38.4
2024-11-01,35.8,212.4,130.4,370.5,2020.1,351.6,155.6,77.7,53.7,1328.3,517.7,120.4,144.6,93.9,603.7,313.8,134.3,206.9,226.5,363.8,273.7,70.5,430.1,274.2,310.6,136.1,72.8,535.6,41.1,101.3,76.3,408.7,100.2,361.3,936.2,570.2,185.3,207.1,570.0,60.9,283.3,51.0,366.2,1526.1,178.5,417.8,35.4,344.3,290.4,71.8,38.2
2024-12-01,35.9,212.7,130.9,369.8,2016.0,352.5,156.6,78.4,53.9,1332.7,521.1,120.0,144.3,94.4,605.1,314.1,135.8,207.7,226.1,366.1,273.7,70.3,431.3,276.4,312.0,136.6,73.5,540.5,41.6,101.0,76.8,411.1,99.8,360.8,940.7,572.0,185.8,208.1,571.6,61.3,284.6,51.3,367.4,1529.2,177.5,420.0,35.4,345.3,291.0,72.3,38.3
2025-01-01,36.1,212.4,130.9,371.9,2016.1,352.2,155.2,77.7,53.2,1333.6,515.7,120.6,144.4,94.1,606.7,313.4,133.3,204.6,225.3,365.2,271.9,70.6,431.7,272.9,307.5,135.3,73.5,537.6,41.2,100.5,77.0,408.8,99.5,360.4,940.1,568.6,185.6,208.0,571.4,61.1,282.0,50.9,365.5,1528.7,177.4,418.0,35.6,344.7,290.1,71.4,38.1
2025-02-01,35.9,213.0,131.0,370.6,2010.5,351.5,154.7,77.6,53.0,1333.9,518.2,120.6,144.0,94.0,604.3,312.9,133.0,205.5,226.5,365.1,270.8,69.4,428.7,271.6,307.2,135.7,73.3,538.2,41.2,99.9,75.7,407.5,99.5,359.2,935.9,567.5,184.8,207.0,567.9,61.1,281.9,50.6,367.9,1527.4,177.0,418.4,35.2,343.7,288.1,72.0,38.0
2025-03-01,35.9,213.1,130.8,371.3,2011.8,350.7,156.2,77.5,52.8,1333.7,518.1,120.3,144.2,94.2,602.8,313.2,133.3,205.5,225.1,364.6,271.1,70.3,428.0,271.3,308.7,135.1,73.4,539.2,41.1,100.1,77.0,408.2,99.2,359.4,941.4,568.1,185.3,207.4,570.8,60.9,282.9,50.3,367.0,1529.5,178.0,419.2,35.1,343.3,288.7,72.0,38.1
2025-04-01,35.7,214.1,131.6,368.8,2015.5,350.2,156.0,77.2,53.1,1334.9,520.5,120.7,145.3,94.7,604.5,314.2,134.7,206.3,227.2,363.2,270.0,69.3,429.8,274.6,309.9,136.2,73.4,541.9,40.9,100.9,75.9,409.1,98.4,360.5,924.5,568.4,185.5,207.5,571.1,61.1,282.7,50.8,369.1,1531.9,178.5,419.4,34.6,343.7,288.9,72.0,38.2
2025-05-01,36.4,213.8,131.7,369.3,2019.8,351.6,157.2,77.4,53.2,1333.0,520.6,120.7,145.4,94.7,606.4,314.5,133.9,206.4,225.4,366.9,272.5,71.3,433.6,274.8,310.7,135.5,73.6,543.5,41.1,101.8,77.2,415.0,99.2,360.9,936.0,570.6,185.6,207.9,574.9,61.8,282.8,51.4,368.3,1533.4,176.5,422.6,35.3,346.5,290.9,71.9,38.7
2025-06-01,36.2,213.8,131.9,367.2,2017.7,344.2,156.1,77.0,52.5,1331.7,518.5,120.0,144.9,94.7,604.0,314.6,132.5,206.6,223.5,361.3,268.8,70.3,431.9,273.1,308.1,135.2,73.5,541.4,41.3,101.6,77.2,408.1,99.0,357.5,926.6,567.7,183.5,207.8,571.9,61.1,282.9,50.7,365.8,1528.6,176.2,420.6,35.1,345.7,289.6,71.8,38.1
2025-07-01,36.4,213.0,132.0,368.9,2011.9,348.1,156.1,75.9,52.6,1330.9,519.5,120.2,143.7,95.0,605.5,315.1,133.8,206.4,225.1,364.1,268.0,70.6,431.2,272.6,309.3,135.6,74.3,541.9,40.9,101.5,77.1,408.7,99.1,361.9,931.5,567.9,183.2,207.3,570.8,61.5,281.7,50.7,366.8,1527.8,176.7,419.9,35.1,343.8,290.2,72.4,38.1
2025-08-01,36.3,213.7,132.0,369.0,2015.6,349.8,156.1,75.7,52.5,1330.1,519.5,120.5,143.5,95.1,605.9,313.8,133.8,206.7,225.4,362.5,268.3,70.2,430.8,273.6,309.4,135.7,74.1,541.2,40.8,102.1,76.9,408.3,99.3,363.9,933.8,570.6,182.5,206.8,572.5,61.5,281.0,50.7,367.0,1527.4,177.1,421.1,35.3,345.4,290.3,72.7,38.2
2025-09-01,36.1,214.4,132.4,368.5,2012.3,350.8,156.5,75.1,52.0,1328.5,518.6,120.4,142.4,94.8,603.7,312.8,134.1,206.2,223.7,363.3,268.2,71.2,428.8,272.5,307.3,134.7,74.0,542.4,41.0,101.3,76.7,407.1,99.0,361.7,932.0,569.8,182.1,205.7,572.5,61.4,280.9,50.6,366.4,1530.5,177.7,421.3,35.2,343.3,288.3,72.5,38.1
2025-10-01,36.4,216.0,132.7,365.9,2022.6,353.9,156.1,76.0,51.5,1325.5,517.1,122.2,139.9,92.2,605.1,307.2,132.9,206.9,226.0,368.0,265.7,70.7,426.5,272.9,309.7,135.6,74.7,542.9,40.8,100.6,77.4,408.9,100.3,359.1,931.2,569.6,183.0,205.7,573.8,62.0,286.2,52.8,368.5,1532.1,177.5,420.1,35.3,343.2,288.2,71.6,38.2
2025-11-01,36.3,216.8,133.6,366.1,2028.5,353.3,156.3,76.4,51.5,1326.5,518.5,121.2,140.0,92.2,602.5,307.9,133.6,207.0,225.6,365.7,266.6,71.7,425.6,272.5,309.0,137.8,73.8,546.0,40.6,100.8,76.3,407.4,101.5,361.7,935.7,569.5,181.7,208.1,574.7,61.6,286.3,53.2,368.1,1531.0,176.6,419.7,35.3,344.3,287.3,71.7,37.9
2025-12-01,36.6,217.3,134.6,366.0,2031.2,351.1,155.9,75.3,51.7,1327.7,516.3,120.9,138.5,91.5,603.4,304.3,132.8,207.4,225.6,369.4,268.6,72.0,425.4,271.6,306.6,136.4,73.9,547.7,39.6,101.1,75.5,408.2,99.0,364.0,933.1,568.5,181.0,208.0,572.6,62.3,288.2,54.2,368.2,1532.3,177.9,419.5,36.1,343.9,289.3,71.6,38.4
2026-01-01,36.6,217.2,134.6,367.0,2053.2,348.4,155.7,75.1,51.4,1327.6,517.4,121.4,138.6,92.5,602.7,303.3,132.8,206.2,224.9,370.1,270.7,71.7,424.5,268.8,312.3,135.6,74.0,548.0,40.0,100.0,75.8,406.0,97.2,363.9,932.2,570.2,180.4,209.2,576.7,62.5,288.7,54.1,370.4,1544.5,178.0,419.9,36.1,343.4,290.0,71.1,38.6
2026-02-01,36.3,217.8,135.1,371.0,2048.5,347.8,155.2,75.0,51.6,1323.6,516.4,121.5,139.2,91.7,601.6,303.7,133.6,206.9,225.1,368.3,269.9,71.8,423.1,266.8,312.9,135.4,73.5,546.1,40.0,99.8,76.1,407.8,99.2,365.5,929.0,569.0,180.6,207.7,574.9,61.5,285.7,54.4,368.2,1539.1,178.5,417.9,36.3,344.4,289.8,70.7,38.5
