observation_date,AKEDUH,ALEDUH,AREDUH,AZEDUH,CAEDUH,COEDUH,CTEDUH,DEEDUH,FLEDUH,GAEDUH,HIEDUH,IAEDUH,IDEDUH,ILEDUH,INEDUH,KSEDUH,KYEDUH,LAEDUH,MAEDUH,MDEDUH,MEEDUH,MIEDUH,MNEDUH,MOEDUH,MTEDUH,NCEDUH,NDEDUH,NEEDUH,NHEDUH,NJEDUH,NMEDUH,NVEDUH,NYEDUH,OHEDUH,OKEDUH,OREDUH,PAEDUH,RIEDUH,SCEDUH,SDEDUH,TXEDUH,UTEDUH,VAEDUH,VTEDUH,WAEDUH,WIEDUH,WVEDUH
2015-01-01,47.8,231.3,173.2,392.5,2420.6,306.3,334.2,73.9,1174.1,534.9,82.7,223.4,94.5,891.2,442.2,193.3,261.9,301.7,746.2,434.7,122.3,649.1,500.1,459.9,70.8,569.4,62.4,148.9,114.9,640.6,129.2,117.9,1869.0,889.4,229.5,258.2,1187.0,105.8,232.8,68.2,1550.9,178.8,503.7,63.3,445.5,432.9,125.7
2015-02-01,47.8,231.6,173.3,394.5,2425.8,307.5,333.3,74.1,1177.0,535.8,83.4,223.1,94.7,890.5,443.1,193.9,261.5,302.1,746.4,435.7,122.3,649.1,502.4,459.4,70.9,570.5,62.6,148.6,114.6,641.4,129.5,118.2,1870.8,890.0,229.7,259.8,1186.1,105.1,233.5,68.4,1556.0,179.3,504.6,63.1,445.1,433.9,125.5
2015-03-01,47.8,230.5,173.3,395.8,2431.9,308.6,332.9,74.1,1180.6,537.3,83.3,223.7,95.1,891.8,444.6,194.0,262.1,302.4,749.0,435.8,122.6,650.4,504.0,458.7,71.1,569.5,62.5,148.4,115.0,643.1,130.1,118.8,1874.9,890.3,229.8,260.0,1185.5,105.3,234.1,68.6,1559.7,180.0,504.2,63.2,445.4,434.9,125.4
2015-04-01,47.0,232.1,173.6,396.9,2443.9,310.1,333.3,74.8,1182.5,537.0,83.3,224.2,95.8,896.6,445.8,195.1,263.0,303.1,751.1,438.3,122.9,648.7,502.8,461.8,71.9,569.3,62.6,148.8,115.0,642.6,130.7,119.3,1877.8,893.5,230.4,261.6,1188.5,105.4,234.6,68.7,1567.6,179.3,509.5,62.9,446.1,435.0,125.7
2015-05-01,47.1,232.5,174.1,399.2,2451.3,311.4,333.6,75.1,1187.7,539.4,83.8,224.9,95.9,900.6,446.0,195.0,263.2,303.7,755.0,440.2,122.9,651.0,504.5,462.4,71.9,571.0,62.8,148.8,115.5,644.3,131.5,119.8,1884.6,896.2,230.8,262.7,1190.3,105.1,235.7,68.7,1574.0,181.2,511.1,63.9,446.7,436.1,125.8
2015-06-01,47.3,232.7,174.8,400.2,2456.4,313.0,335.1,75.6,1191.3,542.1,84.1,226.2,96.5,901.3,446.8,194.8,263.3,304.1,756.7,440.0,123.4,652.2,505.3,462.7,72.1,571.9,62.7,149.0,115.6,646.2,132.3,120.5,1889.9,896.5,231.4,264.1,1191.2,106.1,236.5,68.9,1575.7,182.3,512.9,63.7,450.0,435.9,124.9
2015-07-01,47.4,233.1,175.5,401.7,2478.0,314.0,334.9,75.4,1193.4,543.3,84.0,227.2,96.7,904.3,449.3,195.3,263.6,304.6,758.0,440.0,123.6,652.9,506.6,464.0,72.2,571.6,62.8,150.1,115.8,647.4,132.3,121.3,1899.6,899.4,231.8,264.4,1191.6,106.1,236.9,68.5,1579.7,182.5,515.7,63.7,448.7,436.8,124.5
2015-08-01,47.3,234.0,176.0,403.7,2479.8,314.9,335.1,75.4,1195.2,545.8,84.2,227.8,96.7,903.4,450.9,195.6,264.0,304.8,758.6,440.9,123.9,656.1,507.9,464.4,72.5,570.7,63.2,150.2,115.7,648.0,132.6,121.9,1899.6,899.7,232.6,265.5,1192.8,105.7,237.5,68.7,1584.7,183.5,517.3,63.7,448.7,436.8,124.7
2015-09-01,47.3,233.9,176.3,403.0,2485.2,315.7,334.2,75.6,1200.3,547.7,84.2,227.4,97.4,903.8,447.5,195.1,264.7,305.3,760.0,441.0,123.6,653.9,509.5,463.9,72.6,574.0,63.2,150.6,115.4,647.4,133.1,122.3,1894.9,900.5,232.9,266.3,1193.3,105.9,237.9,69.0,1586.9,184.8,518.8,63.7,449.9,436.8,125.3
2015-10-01,47.5,234.5,176.6,406.1,2493.1,318.0,335.3,75.7,1207.5,552.3,84.9,227.0,97.6,906.0,451.9,195.4,266.0,306.2,762.4,443.0,123.4,660.1,510.8,465.6,73.0,576.2,63.1,150.9,116.1,649.5,134.2,123.2,1909.4,901.4,233.1,268.4,1197.6,106.0,238.4,69.2,1591.2,185.7,520.5,63.8,450.9,438.7,126.4
2015-11-01,47.6,235.3,177.0,407.0,2498.0,319.4,335.6,75.7,1211.1,553.2,85.0,227.3,97.9,907.1,452.4,195.6,267.3,306.8,764.9,444.4,123.4,660.2,511.6,466.2,73.3,577.9,63.7,151.3,116.9,651.4,134.6,123.4,1914.9,903.4,233.2,270.0,1199.1,106.0,239.2,69.4,1596.7,186.0,521.9,63.9,452.1,439.3,126.6
2015-12-01,47.8,235.6,177.3,407.6,2503.5,319.9,335.3,75.9,1212.4,554.8,85.2,227.9,98.4,907.8,452.8,195.7,267.0,307.8,764.0,444.5,123.6,663.1,512.1,465.5,73.1,579.4,63.6,151.6,117.1,653.0,133.9,123.9,1920.4,905.5,233.0,270.3,1201.4,106.2,239.7,69.3,1599.9,186.4,523.4,64.2,453.0,440.7,126.8
2016-01-01,48.0,235.9,178.0,409.0,2506.4,320.6,335.1,76.0,1215.9,557.2,84.3,229.1,97.9,909.9,454.0,196.0,266.4,306.7,767.7,444.5,124.2,662.4,515.2,467.3,73.7,577.6,63.6,151.2,117.2,653.0,135.3,124.5,1922.2,905.6,233.7,270.5,1206.0,105.7,239.2,69.3,1603.4,186.6,523.3,64.0,456.2,441.5,126.3
2016-02-01,48.2,236.3,178.5,410.1,2512.5,321.2,336.1,76.2,1217.6,559.2,84.1,228.3,98.2,909.9,454.2,196.4,267.4,307.1,769.5,444.3,124.5,663.3,515.6,466.4,74.0,578.0,63.9,151.2,117.5,654.1,136.0,124.9,1927.7,906.4,233.9,272.1,1208.3,106.4,239.8,69.4,1608.3,187.2,523.4,64.2,457.2,442.7,125.8
2016-03-01,48.3,237.0,178.5,411.3,2513.3,322.2,337.6,76.3,1220.4,560.0,84.5,229.4,98.6,908.6,455.0,196.6,267.4,308.1,770.5,444.9,124.9,663.0,516.5,468.2,74.2,580.4,64.1,152.0,118.1,655.2,136.0,124.9,1933.6,908.0,234.2,272.7,1210.7,106.4,240.9,69.5,1611.0,187.7,524.3,64.0,459.1,443.1,126.3
2016-04-01,48.5,237.1,178.9,412.7,2539.3,324.0,336.1,76.2,1228.4,562.4,84.8,230.7,98.1,913.0,452.9,197.0,265.6,309.1,772.4,447.1,124.5,666.4,519.4,470.8,74.2,583.2,64.4,151.6,118.5,655.8,136.6,125.4,1940.8,909.6,233.4,273.3,1215.0,106.0,241.5,69.5,1613.0,189.0,526.4,64.6,461.0,444.7,127.0
2016-05-01,48.5,237.7,179.6,414.2,2546.2,324.8,335.5,76.4,1230.1,563.0,84.8,230.2,98.7,915.5,452.8,196.6,266.6,309.3,774.1,448.0,124.7,667.9,519.1,469.9,74.0,583.8,64.5,152.2,118.9,655.7,136.8,125.9,1945.1,910.3,233.0,273.6,1217.7,106.4,242.3,69.7,1618.3,189.9,526.5,64.5,462.5,444.6,126.9
2016-06-01,48.1,237.3,180.0,414.3,2550.6,325.5,337.0,76.5,1230.7,564.1,84.8,228.7,99.0,915.5,453.5,195.9,267.0,309.3,769.2,445.4,124.5,667.3,518.3,471.2,74.6,583.8,64.5,152.6,118.7,658.3,136.7,126.3,1950.5,908.4,232.6,274.2,1214.3,105.9,242.5,69.5,1616.2,190.7,527.2,64.2,463.3,443.7,125.0
2016-07-01,48.8,239.9,182.1,417.4,2559.4,327.5,340.4,76.8,1240.6,565.0,85.6,230.0,99.5,919.9,456.7,197.4,268.5,311.7,779.6,450.2,125.2,670.2,522.3,472.6,75.5,585.8,65.3,153.8,119.5,662.4,137.4,127.6,1960.0,912.2,234.0,275.5,1221.8,105.8,243.9,70.1,1628.8,191.6,525.0,65.0,463.9,446.4,125.1
2016-08-01,48.9,239.8,182.4,418.3,2557.5,327.8,339.9,76.9,1240.6,566.3,85.5,230.0,99.8,918.7,457.2,196.8,268.8,310.5,779.9,449.5,125.3,670.3,524.7,472.4,75.5,587.8,65.2,153.9,119.7,663.4,137.9,128.0,1962.1,912.9,233.9,276.9,1222.2,105.8,244.2,70.2,1634.2,192.6,528.3,64.9,465.3,445.8,125.4
2016-09-01,49.0,240.2,184.1,420.2,2568.6,328.3,340.3,77.0,1248.2,568.1,85.6,231.0,100.7,917.9,457.6,197.7,269.9,310.2,780.7,451.3,125.3,671.3,523.6,474.1,75.9,590.4,65.3,154.4,120.0,666.9,137.3,128.5,1965.8,916.2,233.9,278.0,1226.7,106.1,246.2,70.5,1637.3,194.1,528.3,64.6,466.6,447.5,127.1
2016-10-01,49.0,240.5,185.0,420.9,2586.4,328.6,341.0,77.0,1249.0,568.8,85.1,231.2,100.2,918.6,461.6,197.7,271.2,310.8,780.5,452.2,125.7,671.0,522.0,475.3,75.7,588.7,65.5,154.3,120.0,668.3,137.0,129.7,1964.9,914.7,234.0,279.7,1226.1,106.1,243.9,70.4,1640.6,193.6,527.9,64.8,466.4,447.5,126.8
2016-11-01,49.0,238.0,185.3,422.3,2591.7,328.7,341.3,76.8,1250.6,570.1,85.2,231.4,100.6,918.6,461.8,197.4,269.3,311.1,781.4,452.8,126.1,671.5,526.1,475.5,75.8,590.2,65.5,154.3,120.1,667.5,136.2,129.4,1970.2,915.0,233.9,280.7,1227.5,105.8,244.5,70.7,1643.9,193.9,529.4,64.9,467.5,447.5,127.2
2016-12-01,49.0,239.9,185.6,424.2,2597.2,328.8,341.5,77.1,1256.2,569.8,85.3,231.2,100.5,917.3,461.4,197.4,271.1,312.5,783.8,453.9,126.2,672.8,528.2,477.3,75.9,592.5,65.6,153.7,120.4,668.3,137.9,129.9,1977.5,914.6,233.7,280.7,1229.5,106.1,245.4,70.7,1648.1,193.7,529.7,65.3,467.8,447.1,127.3
2017-01-01,49.3,239.7,185.8,425.2,2605.6,330.1,342.1,77.0,1257.7,568.2,85.9,230.7,101.2,920.7,461.9,196.6,270.5,312.5,784.5,453.3,126.7,672.3,528.8,478.2,76.5,592.2,65.5,154.4,120.4,671.3,137.4,129.8,1984.2,915.9,233.1,278.1,1234.2,106.4,245.7,70.7,1658.0,194.2,531.6,65.2,468.2,448.5,127.7
2017-02-01,49.3,240.4,186.4,426.8,2613.1,330.7,341.9,77.5,1260.5,568.7,85.6,232.3,101.5,921.9,463.2,197.4,271.6,313.4,785.1,454.1,126.6,672.7,530.6,479.6,76.3,593.6,65.5,154.6,120.3,671.8,137.7,130.1,1989.1,917.3,233.5,281.6,1237.0,105.9,246.5,70.7,1660.6,194.9,532.9,64.9,469.5,449.6,127.5
2017-03-01,49.5,241.7,186.8,428.5,2625.9,331.8,342.5,77.4,1263.0,572.1,85.8,232.1,102.7,922.9,463.9,198.0,271.8,314.1,786.5,455.0,127.2,672.7,531.6,479.5,76.7,594.2,65.7,154.6,120.3,672.6,138.0,130.8,1990.8,918.9,233.7,283.5,1238.5,106.6,247.0,71.0,1666.3,195.8,534.0,65.3,470.7,450.1,127.6
2017-04-01,49.5,241.2,187.5,429.6,2634.5,332.6,342.3,77.6,1265.2,571.3,86.3,232.4,101.8,921.8,464.0,197.1,272.2,313.4,787.7,455.6,127.0,675.9,532.9,481.0,76.6,595.0,66.0,154.3,121.2,676.7,137.5,132.0,1988.8,919.5,235.1,282.0,1238.5,106.5,247.0,71.4,1665.5,196.9,532.8,65.2,471.9,450.6,127.5
2017-05-01,49.8,241.7,187.7,430.4,2645.3,333.5,343.7,77.7,1268.2,573.1,86.4,232.7,102.2,923.4,465.6,197.0,271.7,313.6,788.5,456.4,127.1,677.9,533.2,482.0,76.9,596.1,66.2,154.6,121.4,679.3,137.5,132.1,1997.3,920.2,235.6,284.5,1242.4,106.6,247.4,71.2,1669.6,197.9,535.9,65.5,472.9,450.8,127.3
2017-06-01,49.9,242.0,188.2,431.3,2651.7,334.7,343.1,77.5,1271.0,574.4,86.0,233.2,102.7,922.3,467.3,197.2,273.6,315.0,790.0,456.5,127.6,678.2,536.3,483.1,77.2,597.0,66.2,154.6,121.7,679.9,137.7,132.7,2007.3,921.8,236.5,284.5,1241.1,106.3,248.0,71.2,1673.2,197.9,535.2,66.2,474.8,451.5,127.1
2017-07-01,49.9,241.6,188.2,431.5,2653.3,334.6,342.4,77.8,1271.2,575.0,87.5,232.8,102.5,923.1,467.5,197.4,272.3,312.9,791.8,462.1,127.3,679.5,536.0,483.0,77.5,598.7,66.2,154.1,121.8,678.3,137.9,131.6,2006.6,920.0,236.1,284.6,1246.8,106.2,248.5,71.1,1664.1,198.5,536.5,66.0,475.9,450.1,127.8
2017-08-01,50.0,241.4,188.3,432.7,2659.2,335.2,342.5,77.9,1273.5,575.5,87.1,233.5,102.9,923.9,466.5,197.7,272.1,313.3,792.6,462.5,127.0,680.4,536.5,483.7,77.5,600.7,66.3,154.1,121.8,680.2,137.5,133.5,2011.0,921.5,235.7,285.4,1245.7,106.6,248.7,71.4,1667.0,199.5,535.8,66.3,477.5,450.3,128.0
2017-09-01,50.0,242.0,189.2,434.1,2671.8,335.9,342.8,78.3,1257.7,575.7,87.9,233.5,103.7,925.1,467.6,198.1,272.8,314.2,792.3,463.6,127.6,681.5,538.3,484.2,77.6,601.6,66.3,154.6,121.8,684.0,137.2,134.5,2017.3,922.8,236.6,285.8,1252.4,106.2,249.2,71.4,1663.5,199.6,536.3,66.1,478.9,452.4,127.3
2017-10-01,50.1,242.3,189.8,436.0,2674.7,336.4,342.3,78.5,1275.4,576.3,87.8,233.9,103.2,926.2,468.0,198.4,274.6,313.4,790.8,464.0,126.7,682.0,537.5,483.6,77.5,602.5,66.3,155.0,121.8,686.5,136.7,134.8,2022.5,923.2,236.5,284.4,1253.5,105.7,249.8,71.5,1667.1,200.0,538.4,65.8,480.7,453.0,127.8
2017-11-01,50.1,242.4,190.2,436.8,2679.9,336.9,342.3,78.4,1276.8,577.7,87.4,234.3,103.3,926.6,467.4,198.6,274.9,313.9,793.6,464.1,127.1,683.0,538.4,484.0,77.6,602.0,66.3,154.9,122.0,686.6,136.8,135.6,2028.9,923.3,236.4,285.3,1256.9,106.1,249.5,71.4,1668.4,200.9,536.2,65.5,482.3,454.0,127.8
2017-12-01,50.1,242.8,190.3,439.1,2683.6,337.5,342.5,78.5,1280.2,578.7,88.1,234.9,103.3,927.7,468.3,198.7,274.7,313.9,796.6,465.3,127.5,683.8,540.4,485.6,77.6,603.5,66.3,155.1,122.0,688.5,136.9,136.0,2034.5,924.0,236.4,286.0,1262.3,106.1,250.2,71.5,1675.2,201.5,540.8,66.1,483.8,454.5,127.7
2018-01-01,50.2,243.2,189.7,440.4,2693.3,338.4,343.3,79.2,1281.9,579.6,87.9,234.8,104.5,929.0,468.1,199.0,274.9,313.2,792.1,466.6,127.1,685.7,540.8,484.8,77.8,604.3,66.5,155.2,122.2,686.4,137.3,137.0,2038.5,923.0,236.8,304.2,1261.9,106.1,252.2,72.4,1680.0,202.2,543.9,65.9,485.6,454.9,127.9
2018-02-01,50.3,243.6,190.2,441.9,2695.5,338.8,344.0,78.9,1285.1,580.9,88.0,234.6,105.1,931.1,468.5,199.4,275.7,313.7,796.2,467.0,127.2,686.5,542.3,484.9,77.9,606.3,66.4,155.1,122.9,690.4,137.0,137.6,2048.0,924.1,237.0,304.1,1266.8,106.1,252.6,72.1,1684.3,202.5,542.9,66.2,487.7,455.5,128.1
2018-03-01,50.4,244.6,190.8,444.5,2703.0,339.3,343.9,79.3,1290.4,582.4,88.3,234.8,105.4,932.9,470.2,199.2,275.8,314.4,795.6,467.3,127.0,687.2,544.1,485.4,77.9,608.4,66.7,155.4,122.3,688.8,137.3,138.2,2052.0,923.9,237.5,305.6,1267.5,105.7,253.0,72.1,1689.5,202.9,544.1,66.2,488.5,456.2,128.3
2018-04-01,50.3,244.8,191.0,444.2,2703.7,339.4,344.1,79.5,1291.3,583.8,87.6,235.0,105.4,931.3,470.8,198.7,277.7,314.7,797.1,467.6,126.9,686.6,544.8,484.6,77.7,609.7,66.4,155.6,122.6,689.2,138.2,138.3,2059.4,925.3,235.8,305.2,1269.5,106.4,255.4,71.6,1689.3,202.8,545.9,66.5,487.6,456.1,128.0
2018-05-01,50.3,245.2,191.5,445.4,2707.7,339.9,344.7,79.6,1291.7,585.8,87.3,236.8,105.9,931.5,471.8,198.8,277.5,315.1,797.5,468.8,127.1,686.1,546.3,484.3,77.6,611.0,66.5,155.8,122.9,690.1,138.2,138.8,2064.3,925.5,236.2,305.6,1270.5,106.5,255.8,71.9,1692.9,202.0,543.6,66.0,488.8,456.3,128.3
2018-06-01,50.4,246.7,191.8,442.5,2720.2,340.5,344.9,79.8,1295.7,587.4,88.0,235.6,106.2,932.4,472.4,200.0,278.9,313.9,796.3,470.1,127.1,687.5,547.2,484.4,77.9,612.0,66.5,156.1,122.7,690.4,138.3,139.6,2070.7,926.4,236.0,305.6,1273.7,106.7,256.8,72.1,1698.5,202.8,546.3,66.2,488.7,457.6,128.2
2018-07-01,50.2,245.3,191.8,445.6,2721.9,340.8,344.7,79.3,1298.0,590.3,87.3,233.9,106.8,931.5,471.6,199.9,277.7,314.5,796.2,469.3,126.9,685.3,546.8,485.6,77.9,612.5,66.6,155.7,123.0,689.9,138.2,139.2,2076.6,925.5,235.9,305.0,1274.8,107.0,257.5,72.0,1700.9,202.1,548.6,66.3,489.7,456.2,128.2
2018-08-01,50.3,245.3,191.8,448.2,2733.0,341.0,345.3,79.5,1304.2,591.8,87.5,234.7,107.2,931.7,472.8,200.0,278.7,315.5,796.9,469.5,127.1,685.1,547.1,486.5,77.9,613.2,66.6,156.0,123.1,690.2,138.4,140.5,2082.7,928.2,236.1,305.8,1278.2,107.1,258.0,72.2,1704.4,203.2,547.0,66.4,490.6,456.5,128.6
2018-09-01,50.6,245.4,192.2,450.4,2734.7,341.4,345.2,79.7,1308.8,593.9,87.5,236.6,106.4,935.0,473.8,200.7,279.5,316.3,798.5,469.2,127.2,684.0,547.1,486.5,77.7,612.9,66.6,156.3,123.3,692.3,138.5,141.6,2082.5,928.3,236.2,306.1,1281.0,107.2,257.8,72.4,1706.8,204.6,547.0,66.6,491.1,458.2,128.2
2018-10-01,50.7,245.8,192.5,451.7,2743.7,342.2,345.2,80.4,1308.0,593.2,87.4,234.3,108.1,932.9,474.4,201.0,278.8,318.1,800.4,470.3,127.5,685.1,547.8,487.9,77.9,615.5,66.7,156.0,123.7,695.6,138.6,141.6,2096.2,927.6,236.4,307.0,1284.6,107.7,257.8,72.2,1710.3,205.4,548.7,66.5,494.0,459.3,128.3
2018-11-01,50.8,245.8,192.4,453.3,2749.0,342.9,344.6,80.4,1310.5,594.7,87.8,234.4,108.1,933.3,474.4,201.4,282.2,317.4,800.7,471.2,128.0,685.4,548.7,487.5,78.0,617.0,66.7,156.2,123.8,695.8,138.7,142.1,2099.9,927.3,236.1,307.1,1284.9,107.7,258.1,72.4,1713.2,205.5,549.1,67.0,494.9,460.1,128.3
2018-12-01,50.8,246.0,193.0,454.4,2756.0,343.9,346.7,80.5,1313.4,595.4,87.7,234.9,108.9,934.0,475.4,201.5,281.7,318.3,804.0,471.3,128.3,686.2,548.8,487.7,78.2,617.2,66.8,156.6,124.0,698.0,139.4,142.5,2107.8,926.6,236.8,307.1,1286.4,107.7,258.2,72.7,1718.4,206.3,548.5,66.9,495.8,460.1,128.4
2019-01-01,50.5,247.4,193.5,455.6,2759.9,344.3,346.1,80.7,1319.3,601.9,87.3,235.8,109.4,936.4,476.7,201.4,282.2,319.1,806.5,473.4,128.1,686.3,549.6,489.3,78.1,620.7,67.0,156.5,123.9,700.2,138.7,142.5,2117.4,932.7,237.6,309.2,1288.5,108.6,257.9,72.7,1717.2,206.4,549.0,66.6,497.5,461.3,128.8
2019-02-01,50.5,248.0,193.6,458.0,2772.7,345.0,346.9,80.7,1322.8,603.1,87.7,235.7,109.8,934.0,478.3,201.7,283.1,319.5,808.5,474.6,128.4,686.6,549.4,490.1,78.3,621.3,67.0,156.7,124.5,701.2,139.2,143.0,2120.9,932.5,237.7,309.8,1289.5,108.7,258.6,73.1,1722.9,207.6,551.4,66.5,495.9,460.6,128.8
2019-03-01,50.6,248.5,193.3,459.1,2778.5,344.7,347.6,81.1,1325.7,603.9,87.7,235.5,110.3,935.0,478.1,202.6,283.7,319.9,811.5,475.1,128.7,688.7,550.4,491.2,78.4,623.0,67.0,157.0,125.1,703.3,139.4,143.3,2131.2,933.4,238.6,310.1,1293.6,108.9,259.7,73.1,1727.8,208.4,553.0,67.4,499.5,461.7,129.1
2019-04-01,50.6,249.1,193.0,460.9,2784.9,346.0,347.6,80.9,1327.7,604.3,87.7,236.0,111.1,938.4,480.5,202.2,284.2,320.5,821.6,473.4,129.1,688.5,552.5,491.8,78.9,623.1,67.5,156.8,124.7,703.0,138.8,143.9,2124.6,933.3,239.7,312.0,1293.2,109.0,258.0,72.5,1730.2,208.1,551.7,66.3,500.5,462.3,129.9
2019-05-01,50.7,249.6,192.6,462.9,2792.0,346.6,347.8,80.9,1332.5,604.6,87.5,236.1,111.3,938.4,480.4,202.4,284.8,320.4,821.0,473.7,129.3,688.7,553.7,492.1,78.9,623.8,67.6,157.2,125.3,703.1,138.8,144.4,2129.0,934.7,240.3,310.5,1293.0,109.0,258.8,72.8,1736.7,208.5,552.2,66.3,500.9,463.8,130.1
2019-06-01,50.8,250.1,192.8,460.4,2801.9,347.2,347.8,81.2,1333.1,605.0,87.0,235.6,111.4,937.4,481.6,202.7,286.0,320.6,820.1,473.4,129.3,688.1,554.5,491.8,78.7,624.3,67.3,157.0,124.2,703.5,138.6,144.7,2132.5,935.4,240.6,309.5,1291.5,107.8,259.6,72.8,1741.3,208.5,554.1,65.5,501.1,463.8,130.3
2019-07-01,50.8,251.3,193.4,460.6,2810.9,348.1,347.5,81.3,1338.5,604.0,87.9,235.7,111.6,942.4,480.8,202.8,286.2,321.3,818.2,474.0,129.0,688.2,555.7,492.8,78.9,625.5,67.1,157.3,125.1,704.3,138.8,144.3,2135.0,932.5,240.8,311.8,1292.1,109.1,259.4,72.9,1744.4,210.3,551.7,65.2,503.8,464.3,130.5
2019-08-01,51.1,251.4,193.0,467.4,2817.9,348.9,348.0,81.4,1343.5,606.1,88.0,236.3,112.3,943.3,481.4,203.6,289.1,322.6,820.1,474.5,129.9,690.5,556.6,494.1,78.7,625.9,67.4,156.9,124.8,705.3,139.6,145.7,2138.7,935.5,241.2,313.3,1298.4,109.5,260.4,73.3,1752.2,211.2,553.1,65.7,504.2,465.8,130.9
2019-09-01,51.0,251.3,193.6,468.8,2829.3,349.4,348.6,81.7,1341.9,608.3,88.5,236.5,110.9,943.9,482.7,203.9,287.8,323.3,821.7,475.0,130.1,690.3,556.9,496.8,79.2,627.6,67.2,156.9,125.2,704.8,139.9,145.7,2148.2,935.0,241.9,314.2,1298.8,109.5,260.8,73.2,1754.9,211.7,556.4,65.7,503.9,465.3,131.3
2019-10-01,51.0,251.3,192.6,469.7,2835.3,349.8,349.3,81.0,1348.9,611.3,88.3,236.5,113.5,944.6,481.3,203.2,286.9,323.7,822.3,475.5,129.5,690.7,558.0,496.4,79.5,627.4,67.4,155.8,125.8,705.9,140.4,146.6,2147.7,934.7,241.9,314.7,1302.1,109.6,262.1,73.9,1755.0,211.8,555.2,65.7,505.6,466.0,130.9
2019-11-01,51.1,251.5,193.6,473.0,2847.6,350.7,350.6,81.3,1353.9,612.1,88.3,236.7,114.3,945.6,482.0,204.1,288.8,324.3,824.4,476.4,129.9,691.3,558.7,497.5,80.1,628.2,67.3,156.2,125.8,708.8,141.2,147.0,2154.8,937.3,242.7,315.0,1304.5,109.8,263.0,74.0,1760.2,212.4,555.5,65.8,506.2,467.1,131.9
2019-12-01,51.3,251.2,193.9,474.9,2853.4,350.8,349.3,81.4,1355.5,614.2,88.1,236.6,114.4,945.8,482.6,204.3,288.0,324.2,823.9,476.0,129.9,691.1,559.0,498.2,79.8,627.6,67.3,156.2,126.9,708.8,141.4,147.1,2154.4,938.5,243.1,315.0,1305.0,110.2,263.7,74.2,1759.9,212.7,557.8,65.8,508.4,467.9,132.5
2020-01-01,51.3,252.1,194.9,478.4,2859.1,354.0,351.0,81.5,1357.5,617.4,89.0,235.4,114.8,949.5,482.4,204.5,289.8,325.4,825.3,475.9,129.8,690.7,560.4,498.8,79.8,629.5,68.1,156.3,125.5,710.9,141.4,148.5,2164.1,942.0,242.4,315.7,1304.3,110.1,263.8,74.4,1771.1,212.4,556.4,66.3,508.9,468.4,132.9
2020-02-01,51.2,252.4,195.4,478.3,2871.7,353.6,352.0,82.0,1362.5,618.4,88.7,236.2,114.9,951.0,482.5,205.2,290.8,326.4,832.1,476.6,130.0,691.5,563.4,499.0,79.7,628.6,68.0,156.7,126.8,712.9,141.7,149.0,2167.8,941.4,243.3,315.4,1307.1,110.6,263.8,74.9,1777.3,212.3,557.3,65.7,509.3,469.6,133.6
2020-03-01,51.0,251.7,194.6,477.8,2860.3,351.3,348.3,81.5,1358.9,616.6,87.8,235.1,115.0,944.7,480.0,203.8,289.7,325.2,824.9,473.5,129.3,687.0,561.1,497.3,79.6,625.5,67.9,156.0,124.5,705.8,141.6,147.6,2152.7,936.4,242.2,313.4,1300.6,109.8,264.0,74.4,1772.6,211.9,554.7,65.7,506.3,468.0,133.1
2020-04-01,45.6,224.6,176.6,431.0,2572.5,308.6,300.5,73.6,1225.4,545.4,76.5,208.4,104.7,851.8,433.9,188.1,249.2,293.0,717.1,412.3,116.5,583.2,507.7,457.8,72.4,560.7,63.8,145.5,106.8,593.8,129.7,129.1,1863.2,824.6,223.8,275.4,1144.4,90.6,231.1,70.5,1594.2,193.9,492.4,54.3,461.8,426.9,120.6
2020-05-01,47.3,230.9,181.2,442.4,2612.5,324.7,307.6,74.5,1264.3,564.7,79.6,210.1,108.5,854.4,447.0,193.2,256.6,298.9,722.0,420.2,119.1,584.9,510.2,464.5,75.7,574.8,64.6,148.2,109.2,595.5,130.5,134.1,1883.2,845.4,230.1,279.7,1164.7,93.0,238.4,70.5,1645.7,202.6,501.9,55.4,463.4,431.3,122.1
2020-06-01,48.5,232.4,183.3,449.5,2689.9,332.0,315.6,76.3,1294.2,575.2,82.2,218.2,111.0,871.4,453.7,195.9,264.6,304.7,736.6,426.8,121.2,614.2,515.5,470.3,76.9,588.9,65.2,150.4,113.4,615.3,131.6,137.8,1933.8,872.6,232.4,288.6,1202.9,96.4,243.8,71.9,1681.3,205.3,511.2,58.8,478.7,439.7,125.1
2020-07-01,48.4,233.0,184.7,448.7,2698.2,335.1,318.7,77.3,1283.6,573.4,82.5,222.1,110.9,875.4,457.7,196.9,270.7,306.0,746.1,428.7,122.6,625.9,521.5,471.7,77.5,590.4,65.5,151.3,114.6,629.9,134.2,141.1,1956.4,877.6,233.1,292.9,1212.1,98.3,245.2,72.8,1674.3,207.5,517.4,59.1,484.5,446.7,126.6
2020-08-01,49.0,234.9,186.5,452.6,2710.8,338.2,325.3,78.3,1290.8,578.3,82.1,222.7,113.2,883.2,460.7,197.7,273.2,307.9,759.1,433.5,123.9,634.8,526.9,475.0,77.6,602.2,65.9,152.3,117.0,643.2,135.0,141.6,1993.1,884.5,235.0,294.7,1224.6,100.2,247.1,73.0,1679.1,209.2,522.3,59.7,485.8,449.4,127.0
2020-09-01,49.4,235.6,186.2,454.9,2725.4,341.2,326.2,78.5,1295.4,581.4,81.3,223.3,112.4,886.3,460.0,198.0,275.3,306.3,766.6,435.5,124.7,641.9,528.3,475.4,78.3,606.0,66.2,152.7,115.9,653.1,136.4,143.2,2011.9,890.8,235.5,295.3,1224.4,101.0,248.8,73.5,1683.4,209.8,525.3,61.7,490.9,451.1,127.2
2020-10-01,49.8,238.0,186.6,457.7,2741.3,342.2,328.5,78.8,1304.7,584.9,82.3,224.5,114.5,895.0,463.6,199.1,277.2,311.8,771.6,437.7,126.0,644.8,538.7,477.6,78.5,610.0,66.5,152.6,117.3,658.8,136.5,145.1,2026.9,897.9,236.3,296.6,1225.6,101.9,251.8,73.6,1697.0,214.3,528.5,61.6,491.5,452.3,128.3
2020-11-01,50.1,237.6,187.1,460.7,2748.8,343.2,329.4,78.7,1310.5,588.6,83.1,224.9,115.2,894.4,464.3,198.9,275.7,313.7,776.8,438.1,126.1,645.5,538.6,479.2,78.7,612.4,66.4,153.8,117.5,661.6,136.5,145.4,2034.3,899.1,236.8,297.3,1223.7,102.1,253.8,73.6,1705.2,214.1,531.5,60.4,493.6,451.3,128.6
2020-12-01,50.2,239.6,184.3,463.6,2761.6,344.5,330.4,78.6,1315.5,593.6,83.9,225.8,115.9,898.5,464.6,199.5,277.0,315.5,776.8,440.3,125.7,647.1,539.4,482.0,78.9,616.6,66.9,154.1,114.4,662.6,136.7,146.7,2037.7,900.3,237.7,297.0,1207.6,101.6,255.2,73.1,1713.1,212.4,532.1,59.5,494.3,453.4,128.3
2021-01-01,50.0,239.8,188.1,461.0,2751.1,345.7,330.6,78.5,1319.2,594.1,83.3,227.7,115.8,901.2,465.9,199.4,280.3,315.5,783.5,439.8,125.2,650.2,542.0,475.0,79.3,624.4,66.8,155.1,118.6,664.3,138.0,146.8,2028.9,899.4,237.6,296.2,1212.3,101.9,254.6,73.7,1714.6,214.9,532.8,59.9,494.6,453.4,128.2
2021-02-01,50.5,239.9,187.1,462.2,2763.6,347.0,329.0,78.1,1321.2,595.2,83.5,225.8,116.3,903.0,465.0,198.9,278.9,314.5,783.6,438.5,126.0,652.6,543.4,479.0,79.6,625.1,66.7,155.1,117.0,668.1,138.2,147.3,2032.3,898.2,236.3,297.1,1213.1,102.2,256.2,73.6,1706.4,215.1,532.3,60.0,495.8,454.7,128.0
2021-03-01,50.8,240.4,188.4,463.7,2776.6,347.4,332.7,78.4,1327.8,598.6,84.0,226.8,117.0,905.4,466.1,199.3,283.4,317.1,786.5,442.3,126.3,654.1,544.1,482.7,79.7,627.6,66.8,155.6,119.1,672.8,139.1,148.6,2043.1,900.0,238.6,299.1,1227.4,102.8,257.5,73.8,1717.8,215.5,533.0,60.3,498.5,455.8,128.5
2021-04-01,50.7,240.5,187.5,465.8,2797.9,346.7,332.0,78.3,1330.3,598.6,84.7,224.9,116.9,909.8,465.7,199.5,283.1,316.9,792.2,440.5,126.2,650.0,544.8,482.1,79.7,627.5,66.8,155.9,119.3,675.0,138.9,149.6,2049.5,891.7,236.6,299.4,1227.6,102.5,258.3,74.1,1724.3,215.0,535.5,60.8,499.1,456.9,127.0
2021-05-01,50.7,240.5,187.2,465.7,2809.9,346.7,333.2,78.1,1332.4,599.5,85.0,225.4,117.4,908.2,465.9,199.1,282.5,317.5,791.6,440.0,126.3,648.7,544.2,481.1,80.1,626.8,66.8,155.9,119.8,677.2,139.6,149.5,2049.8,890.4,235.9,298.5,1232.2,102.7,258.3,74.2,1725.0,216.0,536.6,61.5,500.9,456.5,126.8
2021-06-01,50.5,241.3,187.9,466.6,2819.9,347.3,333.6,77.9,1337.9,602.0,85.4,226.6,117.5,910.5,465.8,197.7,282.1,319.5,791.4,440.5,126.0,649.6,543.0,485.5,80.0,627.2,66.6,155.1,119.6,679.6,139.3,149.9,2054.7,890.1,236.3,300.8,1233.1,102.6,257.9,74.3,1736.8,216.8,535.6,61.2,503.1,456.4,126.6
2021-07-01,50.6,243.2,186.9,468.9,2830.7,349.5,334.7,78.7,1346.6,604.9,85.8,227.1,118.0,911.9,467.5,198.0,283.0,318.8,796.7,443.1,126.1,651.1,542.0,486.2,80.0,630.1,66.7,156.0,120.4,682.7,138.9,149.9,2066.2,893.0,237.4,301.6,1232.5,102.9,259.7,74.4,1745.6,217.2,542.1,61.4,502.6,456.1,127.1
2021-08-01,50.5,242.1,186.7,469.2,2835.6,348.2,335.1,78.1,1347.3,606.7,85.5,226.4,118.2,907.0,467.1,197.4,283.9,319.2,796.2,443.7,126.0,649.9,542.5,483.3,79.7,627.5,66.5,155.5,120.5,684.1,138.4,150.5,2063.6,890.8,237.3,300.9,1232.1,102.8,259.2,74.2,1746.8,216.9,541.0,61.1,505.0,454.9,126.8
2021-09-01,50.3,241.4,184.0,469.5,2829.0,348.5,333.4,77.7,1342.7,603.7,85.3,225.1,116.6,904.4,464.1,195.0,281.3,309.9,798.9,442.2,125.3,649.6,538.5,480.2,79.9,625.3,66.4,155.3,120.0,683.5,138.1,149.9,2062.3,884.0,236.1,299.5,1224.8,102.5,258.0,74.3,1745.2,217.1,536.0,60.9,504.1,454.0,126.0
2021-10-01,50.4,243.5,186.7,472.0,2854.8,348.5,337.6,78.1,1354.6,610.2,85.6,225.9,117.7,913.3,468.4,195.9,284.2,317.5,799.5,445.3,125.3,653.9,544.3,481.6,80.0,626.5,66.3,155.9,120.6,689.5,138.8,151.6,2085.4,891.3,237.5,299.0,1235.5,102.6,259.9,74.6,1759.3,218.5,542.4,61.8,507.3,455.4,127.1
2021-11-01,50.4,244.4,187.0,472.0,2865.1,348.8,337.3,78.3,1357.7,612.3,85.6,226.3,118.4,914.6,469.3,195.8,284.6,318.8,800.0,446.7,124.6,654.1,544.4,482.5,80.2,627.5,66.6,155.7,120.9,691.0,139.4,152.2,2095.0,892.1,237.6,299.7,1237.9,103.0,260.8,74.5,1761.8,219.0,543.9,61.6,507.0,454.0,126.5
2021-12-01,50.4,244.4,184.4,473.1,2873.7,348.9,338.9,78.2,1357.9,613.3,85.3,225.4,118.8,915.2,467.9,196.1,284.1,320.0,800.7,448.8,124.4,652.0,544.0,482.9,79.9,626.9,66.6,155.6,120.4,693.4,138.8,153.0,2103.5,889.2,237.0,299.4,1240.0,103.1,260.9,74.5,1765.9,217.7,542.0,61.8,507.4,453.6,127.3
2022-01-01,49.7,244.8,187.4,475.1,2857.7,348.8,336.7,78.9,1361.8,614.3,85.3,225.0,118.7,915.8,468.3,196.7,283.1,320.4,803.3,440.3,123.6,654.0,543.1,481.4,79.5,621.7,66.2,155.1,121.9,693.1,139.1,153.2,2083.1,888.4,237.7,299.5,1234.9,103.6,262.4,74.4,1764.3,220.2,542.8,60.8,506.8,453.8,127.1
2022-02-01,49.8,244.7,187.9,476.9,2871.0,349.0,338.0,79.2,1366.6,616.8,86.3,225.2,119.8,918.8,467.4,197.2,283.9,320.7,804.7,442.0,124.2,655.6,544.3,484.3,80.2,623.4,66.2,155.7,121.7,698.7,139.5,153.5,2107.3,889.0,238.1,300.8,1240.8,104.1,263.6,74.3,1767.8,221.3,545.5,61.4,507.7,454.3,127.2
2022-03-01,50.0,244.9,188.4,477.2,2886.9,350.1,340.1,79.1,1368.8,619.3,86.2,225.1,121.0,920.1,469.7,197.3,284.9,321.2,804.0,441.5,124.9,656.3,543.7,485.0,80.3,627.0,66.4,155.4,121.5,700.0,140.1,154.7,2113.1,890.2,238.6,301.8,1245.3,104.6,262.8,74.6,1774.3,221.9,543.9,61.2,510.6,454.5,127.3
2022-04-01,50.1,245.8,189.7,481.0,2904.5,352.4,339.9,79.3,1376.5,623.8,86.2,225.9,119.6,924.2,472.0,198.1,285.6,322.4,804.6,445.2,124.9,657.5,545.3,485.0,80.5,629.6,66.6,155.0,121.9,702.3,141.0,155.2,2109.0,893.8,240.5,301.3,1251.2,105.0,265.7,74.8,1787.9,222.9,554.2,61.7,511.8,456.2,127.4
2022-05-01,50.2,246.1,190.7,484.2,2916.3,352.7,340.8,79.6,1384.8,625.3,86.0,227.0,120.6,926.4,474.4,198.9,286.7,323.3,803.3,446.7,124.8,658.7,545.3,486.8,80.8,631.2,66.6,155.4,121.9,705.4,139.9,156.5,2116.8,895.4,241.9,302.2,1260.5,105.0,267.2,75.1,1793.1,223.8,555.7,61.3,512.6,456.6,127.7
2022-06-01,50.2,246.9,190.2,484.1,2930.0,351.4,341.6,79.6,1390.2,628.9,85.7,228.0,121.5,927.7,473.3,197.7,287.6,324.9,808.2,445.8,125.1,657.4,543.1,490.5,80.4,634.6,66.8,156.0,121.3,706.1,140.8,156.8,2126.6,895.8,243.3,301.8,1256.0,105.6,267.2,75.6,1796.5,224.2,555.5,61.4,513.9,456.6,127.6
2022-07-01,50.1,249.0,192.1,489.0,2938.5,353.4,343.4,79.3,1404.2,632.1,85.9,228.9,121.7,933.0,478.0,201.1,289.9,326.2,808.3,449.8,125.8,662.0,546.2,490.0,81.3,639.6,67.8,157.6,122.0,711.2,143.6,158.5,2142.6,900.8,245.2,305.0,1267.7,105.9,270.4,76.1,1811.9,226.4,557.3,62.1,516.1,460.6,128.7
2022-08-01,50.2,249.3,193.7,491.3,2950.5,354.9,343.1,79.5,1412.9,633.7,86.1,228.6,122.6,936.6,478.9,202.0,290.9,326.5,809.2,451.2,125.7,663.1,547.6,490.4,81.6,641.4,67.6,157.3,122.5,714.1,143.9,159.0,2144.7,903.8,246.0,305.7,1271.3,106.0,271.8,76.1,1820.2,226.6,559.6,61.5,519.0,462.1,129.0
2022-09-01,50.2,251.4,193.8,494.0,2969.6,355.9,344.9,80.0,1425.6,637.7,86.4,231.3,123.5,940.8,480.9,202.2,292.6,327.6,811.5,451.8,126.0,665.4,548.9,491.6,81.6,645.2,67.7,157.6,123.0,716.5,144.0,159.9,2148.8,906.0,247.7,306.8,1275.4,106.1,273.3,75.9,1831.5,227.2,561.9,61.8,518.2,463.8,130.0
2022-10-01,50.2,251.0,194.8,496.6,2978.5,357.6,344.9,80.0,1424.7,637.8,87.4,231.8,122.0,940.5,481.5,202.1,293.8,328.1,809.9,451.0,126.2,667.3,549.7,491.1,81.8,648.9,67.8,157.8,123.2,718.3,142.9,160.6,2157.7,906.6,248.7,307.0,1279.1,107.0,273.4,75.4,1837.2,227.8,563.2,61.9,519.2,464.4,129.4
2022-11-01,50.9,251.0,195.2,499.2,2994.6,358.8,345.9,80.1,1429.7,639.4,87.6,232.5,123.5,944.3,483.4,202.7,295.4,329.2,811.6,452.1,126.4,669.0,550.6,492.1,81.9,650.9,67.6,158.6,123.3,721.6,143.3,161.1,2162.0,909.0,250.2,308.0,1281.4,107.1,274.1,75.7,1846.2,228.8,565.6,62.7,520.1,464.6,129.7
2022-12-01,50.5,252.2,195.4,500.2,3006.1,359.4,346.7,80.8,1437.7,641.1,87.9,231.8,124.1,946.3,484.1,203.1,295.9,329.8,812.9,451.6,126.6,673.2,551.9,491.8,81.8,653.2,67.6,158.6,123.3,725.3,143.6,161.3,2169.5,911.5,251.6,308.7,1284.8,107.2,275.9,75.8,1847.5,227.8,565.9,61.9,519.9,465.9,130.3
2023-01-01,50.7,254.2,196.2,501.8,3008.8,360.8,353.9,81.3,1445.0,643.0,88.1,230.3,124.5,957.0,487.3,203.9,299.1,330.7,815.8,455.3,127.1,677.0,554.0,498.7,83.0,655.5,67.9,159.5,124.2,729.2,143.7,162.4,2181.2,915.6,253.2,313.5,1289.6,107.3,279.6,76.2,1861.1,230.8,571.7,62.2,523.9,467.7,131.2
2023-02-01,50.8,255.3,196.3,504.0,3025.4,362.0,350.3,81.3,1449.9,645.7,87.8,232.2,124.6,958.6,489.4,204.5,299.7,331.8,815.7,456.6,127.5,677.7,556.4,500.8,83.1,657.5,67.8,159.6,124.2,731.9,144.3,163.0,2188.2,918.7,254.3,314.4,1292.4,107.5,280.1,76.4,1869.2,231.8,574.7,62.4,525.5,467.4,131.5
2023-03-01,50.8,256.8,197.4,506.3,3037.7,363.4,350.9,81.9,1456.5,649.3,87.5,232.6,123.4,961.8,490.8,204.3,300.4,333.2,817.8,458.0,127.9,679.3,558.3,501.8,83.0,659.9,68.0,160.2,124.4,733.3,144.1,163.4,2194.1,920.2,255.4,315.8,1298.6,107.7,281.2,76.7,1878.7,232.0,574.7,62.2,525.3,469.3,131.9
2023-04-01,51.0,257.8,197.7,509.2,3059.3,365.6,352.1,82.7,1466.0,654.8,88.0,237.0,126.0,961.7,489.7,204.9,300.3,333.9,817.4,462.3,127.9,684.4,559.2,502.8,83.1,661.4,66.8,160.4,124.7,734.1,144.5,164.6,2198.0,922.2,255.9,316.6,1300.9,107.9,281.7,76.2,1881.5,233.9,575.6,62.3,526.6,468.0,132.9
2023-05-01,50.9,258.4,198.5,510.8,3091.5,367.4,353.6,83.1,1473.8,659.9,88.4,236.4,126.6,964.9,492.6,205.3,300.7,335.2,820.3,464.5,128.7,687.5,561.7,504.8,82.9,665.1,67.1,161.1,126.2,737.9,144.3,165.1,2209.1,925.7,257.0,319.3,1305.5,108.3,284.0,76.3,1889.4,234.3,579.1,62.9,528.7,468.4,133.5
2023-06-01,51.5,259.4,199.7,516.1,3102.7,369.3,358.5,83.8,1483.6,664.8,88.8,235.7,127.0,973.0,495.3,206.2,302.4,336.3,823.3,468.2,129.2,690.6,564.6,507.5,83.5,670.2,67.7,162.4,125.7,743.5,146.3,165.3,2222.9,931.9,258.4,320.2,1312.4,109.0,285.5,76.8,1901.9,235.8,581.2,62.9,529.2,470.9,134.7
2023-07-01,51.6,259.2,199.7,516.4,3110.9,370.4,355.9,84.0,1486.1,665.8,88.7,235.4,127.7,969.7,496.5,207.4,302.2,336.7,825.1,468.0,130.2,693.4,566.7,509.9,83.4,669.2,67.6,162.0,125.5,744.3,145.4,166.2,2240.6,932.2,259.5,321.2,1316.9,109.6,287.2,76.6,1893.0,234.8,584.3,62.5,530.0,472.1,134.5
2023-08-01,51.7,259.6,200.6,519.2,3131.4,371.7,356.8,84.3,1491.6,670.2,88.9,236.0,128.3,972.4,498.5,208.2,303.9,337.5,826.4,468.0,130.7,694.6,568.1,511.0,83.7,672.9,67.6,162.5,125.3,746.1,146.2,167.0,2241.4,935.9,261.2,322.7,1322.1,110.0,288.9,77.0,1900.7,234.9,586.1,62.6,532.3,473.7,134.6
2023-09-01,52.1,261.9,201.1,523.9,3161.0,375.8,359.0,84.5,1499.6,675.9,89.3,234.4,127.3,974.5,501.4,208.7,305.3,337.6,831.0,471.7,131.3,697.6,570.0,512.4,84.1,677.3,67.9,163.4,126.1,748.8,145.5,167.8,2250.1,941.7,262.2,325.1,1326.2,110.7,290.7,76.8,1908.7,236.1,588.8,63.5,535.8,475.9,135.7
2023-10-01,52.0,260.8,201.4,515.9,3157.1,378.0,359.3,85.2,1505.3,679.0,89.1,238.8,129.6,972.3,501.7,208.9,305.8,339.7,828.3,474.1,131.4,698.8,570.8,514.6,84.1,678.6,67.9,163.3,125.9,750.0,146.3,168.0,2256.7,943.0,262.1,325.8,1329.9,110.6,293.2,77.2,1908.3,237.1,591.9,63.3,536.0,476.5,136.2
2023-11-01,52.1,260.7,201.7,518.4,3173.0,377.0,360.1,85.1,1507.2,682.3,89.1,237.9,130.5,974.1,503.2,209.7,306.7,339.4,831.1,475.9,132.0,701.1,572.3,515.2,84.2,681.1,68.1,163.8,126.3,754.2,146.6,168.5,2264.0,945.5,263.2,327.0,1334.7,111.0,294.0,77.3,1908.7,237.6,592.2,63.0,537.7,477.7,137.1
2023-12-01,52.2,261.4,202.7,521.7,3198.5,378.2,359.8,85.6,1512.8,685.7,89.0,237.8,131.0,976.6,505.9,210.6,309.0,341.2,832.4,476.9,132.1,702.9,573.4,515.6,84.5,685.4,68.3,164.7,126.3,757.5,147.3,169.8,2278.7,949.5,264.7,328.1,1340.9,111.5,295.1,77.7,1912.5,239.8,595.2,62.8,538.5,479.7,137.5
2024-01-01,52.3,260.5,202.6,529.8,3217.9,380.2,361.3,85.6,1514.4,689.3,89.4,237.4,133.5,979.1,505.1,209.9,309.3,342.4,832.8,483.6,132.5,703.9,575.2,515.2,84.6,687.7,68.4,164.7,127.0,760.4,146.6,169.4,2280.0,952.8,265.3,329.4,1341.1,112.2,295.6,77.7,1914.5,238.2,596.9,63.4,539.0,480.3,137.9
2024-02-01,52.6,262.6,204.2,531.2,3232.9,383.2,363.3,85.9,1520.4,693.1,89.8,239.8,134.6,984.2,506.5,211.2,310.6,343.3,834.6,485.4,133.1,707.3,577.6,518.8,84.8,690.7,68.9,165.8,127.4,763.0,147.1,170.4,2291.2,956.3,267.0,331.2,1346.9,112.8,296.2,78.0,1919.2,239.2,598.5,63.8,542.3,482.6,138.5
2024-03-01,52.6,263.1,204.8,533.3,3250.0,383.1,365.2,86.4,1525.5,696.3,89.9,239.6,134.2,987.3,508.3,211.9,311.6,344.1,837.1,486.6,133.2,708.9,581.0,519.3,85.0,692.0,69.1,166.3,127.9,765.7,146.6,171.1,2304.4,960.4,268.7,332.5,1350.5,113.1,296.3,78.2,1921.2,240.1,600.5,64.0,543.8,483.4,139.2
2024-04-01,52.5,262.7,204.7,534.8,3260.7,383.8,364.0,86.8,1528.2,696.7,89.7,241.0,134.7,989.7,509.1,212.1,312.3,344.6,838.7,487.6,133.0,709.6,582.4,523.5,84.8,696.2,69.0,167.1,127.4,768.9,148.1,170.6,2321.6,962.0,268.3,334.4,1353.5,113.8,299.2,78.3,1925.7,240.3,602.1,64.2,544.5,483.6,142.0
2024-05-01,52.7,263.2,204.8,535.5,3274.2,382.4,364.0,87.2,1530.7,699.6,89.6,240.9,136.1,993.4,510.2,212.8,313.4,344.7,840.8,489.1,133.8,711.8,584.7,523.3,85.0,698.2,69.8,167.4,126.7,770.8,147.7,170.9,2337.2,965.4,270.0,335.4,1356.0,113.5,299.9,79.0,1929.3,240.3,601.5,64.1,545.6,484.9,142.3
2024-06-01,52.8,263.4,205.1,537.7,3288.1,384.3,365.7,87.8,1535.7,702.7,89.9,240.7,136.2,996.9,512.0,213.1,314.0,345.1,841.8,491.4,134.5,714.0,588.6,525.8,85.4,699.3,69.5,168.3,129.0,773.9,148.5,171.5,2358.0,968.1,271.0,336.5,1361.1,114.0,302.1,78.6,1933.2,240.7,605.3,64.0,546.6,485.5,143.2
2024-07-01,53.2,263.6,205.5,538.6,3308.4,382.0,367.7,89.0,1538.5,702.2,89.9,241.0,137.1,998.3,510.8,213.1,314.7,346.1,843.1,491.6,134.9,715.4,588.1,525.9,85.5,699.9,70.0,168.5,128.7,775.5,148.7,171.9,2343.3,968.8,272.0,337.6,1364.2,113.9,303.2,79.1,1930.1,241.5,608.0,64.2,547.2,486.3,142.7
2024-08-01,53.4,264.6,207.2,540.4,3325.9,382.2,368.7,89.4,1544.5,706.5,90.3,241.7,138.1,998.7,512.9,213.8,315.1,346.9,844.9,493.1,135.3,718.1,589.7,528.0,85.6,704.6,70.3,169.2,129.1,777.6,149.9,172.5,2350.5,971.5,273.6,339.6,1365.0,114.6,303.6,79.4,1943.6,242.8,609.1,64.9,549.4,488.1,143.4
2024-09-01,53.6,264.3,206.9,543.1,3337.7,382.9,369.4,90.0,1550.5,707.1,90.4,238.8,138.0,1004.1,514.6,214.2,315.8,347.1,843.9,495.3,135.1,720.8,590.8,529.8,85.7,707.1,70.4,169.6,129.2,782.1,149.5,173.3,2376.7,974.3,274.5,340.9,1370.7,114.6,306.6,79.3,1948.4,244.9,612.5,64.9,554.5,488.7,143.4
2024-10-01,53.6,265.2,207.6,544.4,3357.3,383.2,370.4,90.6,1540.9,710.3,90.3,242.3,139.0,1008.5,515.8,215.1,316.8,348.1,845.7,496.9,135.3,721.8,594.5,531.6,86.1,706.9,70.9,170.1,129.4,784.1,150.0,173.9,2369.9,977.3,276.1,342.4,1371.8,114.5,307.3,79.7,1953.6,244.8,612.5,65.1,553.0,489.7,143.9
2024-11-01,53.8,261.8,208.4,546.0,3371.9,383.7,372.0,91.5,1566.5,713.8,90.6,242.4,139.6,1011.3,517.4,215.5,317.7,348.9,846.9,498.9,135.9,723.6,597.5,533.2,86.5,710.5,71.8,170.7,130.0,785.9,150.3,174.6,2383.0,980.0,277.1,343.6,1376.3,114.9,309.0,80.3,1959.7,245.7,615.1,64.7,554.7,491.5,144.3
2024-12-01,53.6,261.3,208.6,547.0,3376.0,384.8,372.9,91.3,1568.0,715.6,90.4,242.6,140.1,1013.3,518.6,215.9,318.0,348.7,847.6,500.7,136.3,724.0,599.4,533.0,86.3,711.3,71.1,171.2,129.9,788.1,151.0,174.7,2391.1,982.1,277.2,344.8,1378.6,115.1,309.8,79.9,1962.9,246.7,616.5,65.0,557.4,491.5,144.2
2025-01-01,53.9,263.4,208.0,548.3,3387.5,392.9,374.8,91.4,1577.1,717.9,91.4,243.4,140.7,1016.1,518.8,215.6,318.0,349.2,850.7,501.5,136.8,728.0,601.5,533.5,86.4,714.0,71.1,171.5,129.5,789.6,151.7,175.6,2395.9,982.9,278.1,345.4,1383.3,115.3,309.9,80.2,1971.0,247.3,618.0,66.2,559.1,494.4,144.1
2025-02-01,53.9,263.2,208.7,548.3,3412.0,392.3,374.1,91.8,1581.3,720.4,90.9,243.1,141.0,1014.6,519.7,215.9,318.3,350.0,848.7,502.2,136.7,727.9,602.4,536.4,86.4,716.8,71.4,171.7,129.6,791.6,151.7,176.3,2400.3,985.0,278.7,345.1,1384.4,115.5,311.8,79.8,1974.5,247.8,617.6,65.1,559.0,493.5,144.7
2025-03-01,53.9,263.5,209.2,549.8,3421.0,391.9,374.3,91.6,1585.6,721.8,90.9,243.2,141.1,1017.0,519.6,216.3,318.7,350.1,848.6,503.5,136.7,730.4,604.5,537.4,86.5,718.0,71.5,172.1,130.1,793.4,152.0,177.5,2403.1,986.6,279.5,346.2,1385.9,115.7,313.6,79.8,1976.1,248.5,620.4,65.1,559.4,494.7,145.2
2025-04-01,54.3,263.6,209.7,548.8,3445.4,394.1,375.8,91.9,1590.2,723.7,91.2,242.8,142.2,1022.6,520.5,217.7,319.4,351.3,849.9,499.3,137.6,731.1,607.9,538.5,86.9,721.0,71.9,172.4,130.2,796.2,152.1,178.6,2406.9,988.9,280.3,349.0,1386.9,115.8,314.3,80.6,1978.4,249.5,622.4,65.1,563.1,496.2,144.5
2025-05-01,54.5,264.2,209.9,550.2,3459.6,395.9,376.8,92.4,1591.9,725.7,91.0,243.0,142.7,1023.9,521.5,217.9,319.8,351.5,848.8,500.4,137.9,732.2,608.4,538.7,86.9,723.0,71.7,172.9,129.7,799.4,152.4,179.3,2409.8,990.1,281.0,349.5,1385.2,116.3,315.3,80.2,1980.2,250.7,624.0,64.4,564.5,496.6,144.6
2025-06-01,54.6,263.2,209.8,547.8,3463.7,392.5,376.0,92.3,1588.8,723.2,90.8,243.4,143.2,1023.0,521.9,217.7,319.8,351.5,848.1,501.2,137.8,733.8,609.1,541.1,87.1,723.9,71.8,173.0,130.7,799.3,152.7,179.0,2421.4,992.1,279.2,349.8,1392.3,115.0,313.8,80.2,1969.4,250.3,626.4,65.1,565.8,496.9,144.7
2025-07-01,54.4,264.3,210.8,550.4,3482.4,398.8,376.2,92.1,1592.9,729.0,91.5,243.9,143.5,1029.6,523.2,218.9,319.3,351.8,851.2,502.5,137.9,735.3,611.4,539.9,87.2,727.0,71.8,173.3,130.9,799.6,153.0,181.6,2395.2,995.3,278.6,349.8,1393.5,113.4,314.0,80.6,1978.9,253.0,623.6,65.1,565.7,496.7,144.9
2025-08-01,54.3,264.5,210.8,551.2,3503.6,400.8,376.2,92.5,1596.3,731.7,91.3,244.1,143.7,1027.1,522.5,218.7,320.0,351.6,848.4,503.6,137.9,735.9,613.9,539.1,87.2,730.8,71.8,173.4,130.9,801.4,153.8,182.3,2402.1,996.0,278.9,351.5,1399.0,113.8,316.2,80.3,1984.1,253.9,625.2,65.4,564.4,497.9,145.4
2025-09-01,54.3,264.3,210.7,550.6,3518.3,401.7,376.5,92.0,1596.9,732.0,91.5,243.6,144.0,1027.0,520.4,218.9,318.3,352.6,846.7,502.4,138.2,734.6,614.0,538.5,86.9,729.5,71.8,173.3,130.7,802.5,153.8,181.9,2410.1,994.8,279.6,350.2,1397.8,114.1,317.0,80.3,1985.7,251.6,624.6,65.0,564.9,496.6,145.4
2025-10-01,54.1,263.1,210.7,551.1,3530.6,400.6,377.3,92.5,1598.9,733.5,92.1,245.8,141.0,1034.7,520.9,219.5,317.9,351.4,849.6,499.2,136.9,734.4,614.1,540.5,86.4,728.8,72.9,174.1,130.5,811.5,152.3,183.8,2414.4,990.8,278.9,350.3,1401.7,114.8,318.8,80.3,1990.3,251.1,626.8,65.4,568.2,498.2,146.0
2025-11-01,54.1,263.7,210.9,552.1,3543.9,402.1,379.5,92.4,1608.9,736.3,92.1,246.8,141.8,1035.2,521.0,219.1,318.0,352.1,850.2,500.0,138.2,734.8,616.3,540.6,86.4,730.2,72.2,174.4,130.0,815.7,154.1,183.0,2421.8,995.3,279.5,351.6,1403.0,114.6,319.6,80.5,1995.6,251.2,627.6,65.6,570.7,497.9,146.3
2025-12-01,54.0,263.7,211.8,553.6,3547.8,402.3,379.8,92.9,1614.9,738.5,92.1,247.1,143.0,1037.9,522.3,218.8,319.7,352.7,851.2,501.3,137.3,736.7,616.5,542.5,86.6,731.8,72.5,173.4,130.3,817.1,153.7,184.5,2433.3,994.3,280.6,352.9,1409.2,115.2,320.3,81.5,2001.6,252.0,624.9,65.3,573.3,500.0,146.2
2026-01-01,53.9,265.1,212.2,558.2,3576.5,406.7,380.3,93.5,1618.2,740.8,92.7,246.2,143.1,1032.4,524.6,219.3,321.1,353.1,853.9,505.4,138.1,737.9,621.2,545.6,87.0,736.1,72.7,175.3,129.7,818.8,154.3,184.6,2441.9,998.9,281.8,355.5,1418.8,115.9,320.8,81.2,2009.0,253.3,631.6,65.8,572.4,502.8,146.4
2026-02-01,53.9,265.8,212.4,560.4,3552.4,405.7,380.7,94.0,1616.8,742.8,92.5,244.8,143.2,1031.1,527.4,218.5,322.4,352.9,850.5,504.8,137.6,737.9,625.3,540.7,87.1,738.8,73.1,175.1,130.5,820.0,155.0,184.7,2447.1,998.1,282.9,354.4,1412.9,116.1,320.5,80.8,2002.9,253.9,628.8,65.9,570.1,501.1,147.2
